,0
0,0
1,1
2,2
3,3
4,4
5,3
6,4
7,3
8,4
9,5
10,6
11,7
12,8
13,7
14,8
15,9
16,8
17,7
18,6
19,5
20,4
21,3
22,4
23,3
24,2
25,1
26,0
27,-1
28,-2
29,-3
30,-4
31,-5
32,-6
33,-7
34,-8
35,-7
36,-6
37,-7
38,-8
39,-7
40,-8
41,-7
42,-6
43,-7
44,-8
45,-9
46,-8
47,-9
48,-10
49,-9
50,-8
51,-9
52,-10
53,-11
54,-12
55,-13
56,-14
57,-13
58,-12
59,-11
60,-12
61,-13
62,-12
63,-11
64,-10
65,-11
66,-10
67,-11
68,-12
69,-11
70,-10
71,-11
72,-12
73,-13
74,-12
75,-13
76,-12
77,-13
78,-14
79,-13
80,-14
81,-13
82,-12
83,-13
84,-12
85,-11
86,-12
87,-13
88,-14
89,-15
90,-16
91,-17
92,-18
93,-17
94,-18
95,-19
96,-20
97,-21
98,-22
99,-21
100,-20
101,-19
102,-20
103,-19
104,-18
105,-19
106,-18
107,-17
108,-16
109,-15
110,-16
111,-15
112,-16
113,-15
114,-16
115,-15
116,-16
117,-17
118,-18
119,-19
120,-18
121,-17
122,-18
123,-17
124,-16
125,-17
126,-16
127,-17
128,-18
129,-17
130,-16
131,-17
132,-16
133,-17
134,-18
135,-19
136,-20
137,-21
138,-20
139,-21
140,-20
141,-21
142,-22
143,-23
144,-22
145,-23
146,-22
147,-23
148,-24
149,-23
150,-24
151,-25
152,-24
153,-25
154,-24
155,-23
156,-22
157,-21
158,-20
159,-21
160,-22
161,-21
162,-20
163,-21
164,-20
165,-21
166,-22
167,-23
168,-22
169,-23
170,-24
171,-23
172,-24
173,-25
174,-24
175,-25
176,-24
177,-23
178,-22
179,-21
180,-20
181,-19
182,-18
183,-19
184,-20
185,-19
186,-18
187,-17
188,-18
189,-17
190,-16
191,-15
192,-16
193,-15
194,-16
195,-15
196,-16
197,-15
198,-14
199,-13
200,-12
201,-11
202,-10
203,-9
204,-10
205,-9
206,-8
207,-7
208,-8
209,-9
210,-10
211,-9
212,-8
213,-7
214,-8
215,-9
216,-8
217,-7
218,-6
219,-7
220,-6
221,-5
222,-4
223,-5
224,-6
225,-5
226,-6
227,-5
228,-6
229,-5
230,-6
231,-7
232,-8
233,-7
234,-6
235,-7
236,-8
237,-9
238,-8
239,-9
240,-10
241,-11
242,-10
243,-9
244,-8
245,-9
246,-8
247,-9
248,-8
249,-7
250,-6
251,-5
252,-6
253,-7
254,-6
255,-5
256,-4
257,-5
258,-4
259,-5
260,-6
261,-5
262,-6
263,-5
264,-6
265,-7
266,-6
267,-5
268,-4
269,-3
270,-2
271,-3
272,-4
273,-3
274,-2
275,-3
276,-4
277,-5
278,-6
279,-7
280,-6
281,-7
282,-8
283,-9
284,-10
285,-9
286,-10
287,-11
288,-12
289,-11
290,-12
291,-11
292,-10
293,-11
294,-10
295,-11
296,-12
297,-11
298,-10
299,-9
300,-10
301,-9
302,-8
303,-7
304,-6
305,-5
306,-4
307,-5
308,-6
309,-5
310,-4
311,-5
312,-4
313,-5
314,-6
315,-7
316,-8
317,-9
318,-10
319,-11
320,-10
321,-9
322,-10
323,-11
324,-10
325,-11
326,-12
327,-13
328,-12
329,-13
330,-12
331,-11
332,-10
333,-11
334,-10
335,-11
336,-10
337,-9
338,-8
339,-7
340,-8
341,-9
342,-10
343,-9
344,-8
345,-9
346,-8
347,-9
348,-8
349,-9
350,-8
351,-7
352,-6
353,-7
354,-8
355,-9
356,-10
357,-11
358,-10
359,-9
360,-10
361,-9
362,-8
363,-7
364,-8
365,-7
366,-8
367,-9
368,-10
369,-9
370,-10
371,-11
372,-12
373,-11
374,-12
375,-11
376,-12
377,-13
378,-14
379,-13
380,-12
381,-13
382,-12
383,-13
384,-14
385,-15
386,-16
387,-17
388,-18
389,-19
390,-18
391,-19
392,-20
393,-21
394,-22
395,-23
396,-24
397,-25
398,-26
399,-27
400,-26
401,-27
402,-28
403,-29
404,-30
405,-29
406,-28
407,-27
408,-28
409,-27
410,-28
411,-27
412,-26
413,-27
414,-28
415,-27
416,-28
417,-27
418,-26
419,-25
420,-24
421,-25
422,-24
423,-25
424,-24
425,-25
426,-26
427,-25
428,-26
429,-25
430,-26
431,-27
432,-26
433,-25
434,-26
435,-25
436,-24
437,-23
438,-24
439,-25
440,-24
441,-25
442,-24
443,-23
444,-22
445,-23
446,-22
447,-21
448,-22
449,-21
450,-20
451,-19
452,-18
453,-19
454,-18
455,-19
456,-20
457,-19
458,-18
459,-19
460,-20
461,-21
462,-22
463,-23
464,-22
465,-23
466,-24
467,-23
468,-24
469,-23
470,-24
471,-23
472,-22
473,-21
474,-20
475,-19
476,-18
477,-19
478,-18
479,-19
480,-18
481,-19
482,-18
483,-19
484,-18
485,-17
486,-18
487,-19
488,-20
489,-19
490,-18
491,-17
492,-18
493,-17
494,-16
495,-15
496,-16
497,-15
498,-14
499,-13
500,-12
501,-11
502,-10
503,-11
504,-12
505,-11
506,-10
507,-9
508,-10
509,-9
510,-10
511,-11
512,-12
513,-11
514,-12
515,-11
516,-12
517,-11
518,-12
519,-13
520,-12
521,-11
522,-10
523,-11
524,-12
525,-13
526,-14
527,-13
528,-14
529,-13
530,-14
531,-15
532,-14
533,-13
534,-14
535,-13
536,-12
537,-11
538,-10
539,-9
540,-10
541,-9
542,-8
543,-9
544,-10
545,-11
546,-10
547,-11
548,-12
549,-13
550,-14
551,-15
552,-14
553,-15
554,-16
555,-15
556,-16
557,-17
558,-16
559,-17
560,-16
561,-15
562,-16
563,-17
564,-16
565,-17
566,-18
567,-19
568,-18
569,-19
570,-18
571,-17
572,-16
573,-17
574,-18
575,-19
576,-20
577,-19
578,-20
579,-19
580,-20
581,-21
582,-20
583,-21
584,-20
585,-19
586,-18
587,-17
588,-16
589,-17
590,-18
591,-19
592,-18
593,-17
594,-18
595,-19
596,-20
597,-19
598,-18
599,-19
600,-18
601,-17
602,-16
603,-17
604,-16
605,-17
606,-16
607,-17
608,-16
609,-17
610,-18
611,-17
612,-16
613,-15
614,-16
615,-15
616,-16
617,-15
618,-16
619,-15
620,-14
621,-13
622,-14
623,-15
624,-14
625,-13
626,-12
627,-11
628,-12
629,-13
630,-14
631,-15
632,-16
633,-15
634,-16
635,-15
636,-14
637,-15
638,-16
639,-15
640,-14
641,-13
642,-12
643,-11
644,-10
645,-9
646,-8
647,-7
648,-8
649,-9
650,-10
651,-9
652,-8
653,-7
654,-8
655,-9
656,-10
657,-11
658,-12
659,-13
660,-12
661,-13
662,-14
663,-15
664,-16
665,-15
666,-14
667,-15
668,-14
669,-13
670,-12
671,-13
672,-14
673,-15
674,-16
675,-15
676,-16
677,-17
678,-16
679,-15
680,-16
681,-15
682,-16
683,-15
684,-14
685,-15
686,-14
687,-13
688,-14
689,-15
690,-14
691,-13
692,-14
693,-15
694,-14
695,-15
696,-16
697,-17
698,-16
699,-17
700,-16
701,-15
702,-16
703,-15
704,-14
705,-13
706,-14
707,-13
708,-14
709,-15
710,-14
711,-15
712,-16
713,-17
714,-18
715,-19
716,-18
717,-19
718,-18
719,-19
720,-18
721,-17
722,-18
723,-17
724,-18
725,-19
726,-20
727,-19
728,-18
729,-17
730,-18
731,-19
732,-18
733,-19
734,-20
735,-21
736,-20
737,-21
738,-20
739,-21
740,-22
741,-23
742,-22
743,-23
744,-22
745,-21
746,-22
747,-23
748,-22
749,-23
750,-22
751,-21
752,-22
753,-23
754,-22
755,-21
756,-20
757,-21
758,-22
759,-23
760,-24
761,-23
762,-22
763,-21
764,-20
765,-21
766,-20
767,-21
768,-22
769,-23
770,-22
771,-23
772,-22
773,-21
774,-20
775,-21
776,-22
777,-23
778,-22
779,-21
780,-22
781,-21
782,-22
783,-23
784,-24
785,-23
786,-24
787,-23
788,-24
789,-23
790,-22
791,-23
792,-22
793,-23
794,-22
795,-23
796,-24
797,-23
798,-24
799,-23
800,-24
801,-23
802,-24
803,-23
804,-22
805,-21
806,-20
807,-21
808,-22
809,-21
810,-20
811,-21
812,-20
813,-21
814,-22
815,-21
816,-20
817,-19
818,-20
819,-19
820,-18
821,-19
822,-18
823,-19
824,-20
825,-19
826,-20
827,-21
828,-20
829,-21
830,-20
831,-21
832,-22
833,-23
834,-22
835,-21
836,-20
837,-19
838,-18
839,-17
840,-16
841,-15
842,-14
843,-13
844,-14
845,-15
846,-14
847,-15
848,-16
849,-17
850,-16
851,-17
852,-16
853,-15
854,-14
855,-13
856,-14
857,-13
858,-14
859,-13
860,-12
861,-11
862,-12
863,-13
864,-14
865,-13
866,-12
867,-11
868,-12
869,-11
870,-12
871,-11
872,-12
873,-11
874,-12
875,-11
876,-10
877,-9
878,-8
879,-9
880,-10
881,-11
882,-10
883,-9
884,-8
885,-9
886,-8
887,-7
888,-6
889,-5
890,-6
891,-5
892,-4
893,-3
894,-4
895,-5
896,-4
897,-5
898,-6
899,-7
900,-8
901,-9
902,-8
903,-7
904,-8
905,-7
906,-6
907,-7
908,-8
909,-9
910,-8
911,-7
912,-8
913,-7
914,-8
915,-7
916,-6
917,-7
918,-8
919,-9
920,-10
921,-11
922,-12
923,-11
924,-12
925,-13
926,-14
927,-13
928,-12
929,-13
930,-12
931,-13
932,-14
933,-13
934,-14
935,-13
936,-14
937,-15
938,-16
939,-15
940,-14
941,-13
942,-12
943,-11
944,-10
945,-9
946,-8
947,-7
948,-6
949,-5
950,-6
951,-5
952,-4
953,-3
954,-4
955,-5
956,-4
957,-3
958,-2
959,-3
960,-4
961,-3
962,-2
963,-3
964,-2
965,-1
966,-2
967,-3
968,-2
969,-3
970,-4
971,-3
972,-4
973,-5
974,-4
975,-5
976,-6
977,-5
978,-6
979,-5
980,-4
981,-5
982,-6
983,-5
984,-4
985,-3
986,-4
987,-5
988,-4
989,-5
990,-4
991,-5
992,-4
993,-3
994,-4
995,-3
996,-2
997,-3
998,-4
999,-5
1000,-4
1001,-3
1002,-4
1003,-3
1004,-4
1005,-3
1006,-4
1007,-3
1008,-2
1009,-3
1010,-4
1011,-3
1012,-2
1013,-3
1014,-2
1015,-3
1016,-2
1017,-3
1018,-4
1019,-5
1020,-4
1021,-3
1022,-2
1023,-3
1024,-4
1025,-3
1026,-2
1027,-1
1028,-2
1029,-1
1030,0
1031,-1
1032,-2
1033,-1
1034,-2
1035,-1
1036,0
1037,1
1038,2
1039,1
1040,2
1041,3
1042,4
1043,3
1044,2
1045,3
1046,4
1047,3
1048,2
1049,3
1050,4
1051,5
1052,6
1053,7
1054,6
1055,7
1056,8
1057,7
1058,8
1059,9
1060,8
1061,7
1062,8
1063,9
1064,10
1065,9
1066,10
1067,11
1068,12
1069,11
1070,10
1071,11
1072,12
1073,11
1074,10
1075,9
1076,10
1077,9
1078,10
1079,9
1080,8
1081,7
1082,8
1083,7
1084,8
1085,7
1086,6
1087,5
1088,4
1089,3
1090,4
1091,5
1092,6
1093,5
1094,4
1095,3
1096,2
1097,1
1098,2
1099,1
1100,0
1101,1
1102,0
1103,1
1104,0
1105,-1
1106,0
1107,1
1108,0
1109,-1
1110,0
1111,1
1112,0
1113,-1
1114,0
1115,1
1116,0
1117,1
1118,0
1119,-1
1120,0
1121,-1
1122,-2
1123,-3
1124,-4
1125,-5
1126,-6
1127,-7
1128,-6
1129,-7
1130,-8
1131,-9
1132,-10
1133,-11
1134,-12
1135,-11
1136,-12
1137,-11
1138,-10
1139,-11
1140,-12
1141,-11
1142,-12
1143,-11
1144,-12
1145,-11
1146,-12
1147,-13
1148,-12
1149,-13
1150,-12
1151,-13
1152,-12
1153,-13
1154,-12
1155,-13
1156,-14
1157,-15
1158,-14
1159,-13
1160,-12
1161,-13
1162,-14
1163,-13
1164,-14
1165,-15
1166,-14
1167,-15
1168,-16
1169,-15
1170,-16
1171,-15
1172,-16
1173,-15
1174,-14
1175,-13
1176,-14
1177,-15
1178,-16
1179,-17
1180,-18
1181,-19
1182,-20
1183,-19
1184,-18
1185,-17
1186,-16
1187,-17
1188,-16
1189,-17
1190,-16
1191,-15
1192,-14
1193,-13
1194,-12
1195,-11
1196,-12
1197,-13
1198,-14
1199,-13
1200,-12
1201,-13
1202,-14
1203,-15
1204,-16
1205,-15
1206,-14
1207,-15
1208,-14
1209,-13
1210,-12
1211,-11
1212,-10
1213,-11
1214,-10
1215,-9
1216,-8
1217,-9
1218,-10
1219,-11
1220,-12
1221,-13
1222,-14
1223,-15
1224,-16
1225,-15
1226,-14
1227,-13
1228,-12
1229,-11
1230,-10
1231,-11
1232,-10
1233,-11
1234,-10
1235,-11
1236,-12
1237,-11
1238,-10
1239,-11
1240,-10
1241,-11
1242,-12
1243,-11
1244,-10
1245,-9
1246,-10
1247,-9
1248,-10
1249,-11
1250,-10
1251,-11
1252,-12
1253,-11
1254,-10
1255,-11
1256,-10
1257,-9
1258,-10
1259,-11
1260,-12
1261,-11
1262,-10
1263,-11
1264,-12
1265,-13
1266,-14
1267,-15
1268,-16
1269,-15
1270,-16
1271,-17
1272,-16
1273,-17
1274,-16
1275,-17
1276,-16
1277,-17
1278,-16
1279,-15
1280,-16
1281,-17
1282,-18
1283,-17
1284,-16
1285,-17
1286,-16
1287,-17
1288,-16
1289,-17
1290,-16
1291,-15
1292,-14
1293,-13
1294,-14
1295,-15
1296,-16
1297,-15
1298,-16
1299,-17
1300,-18
1301,-17
1302,-16
1303,-15
1304,-16
1305,-17
1306,-16
1307,-17
1308,-16
1309,-17
1310,-18
1311,-19
1312,-20
1313,-21
1314,-22
1315,-21
1316,-20
1317,-19
1318,-18
1319,-19
1320,-20
1321,-21
1322,-20
1323,-19
1324,-18
1325,-19
1326,-18
1327,-17
1328,-18
1329,-19
1330,-20
1331,-21
1332,-22
1333,-21
1334,-22
1335,-21
1336,-22
1337,-21
1338,-22
1339,-23
1340,-24
1341,-23
1342,-22
1343,-21
1344,-22
1345,-23
1346,-22
1347,-23
1348,-24
1349,-23
1350,-24
1351,-23
1352,-24
1353,-25
1354,-26
1355,-27
1356,-26
1357,-27
1358,-26
1359,-27
1360,-28
1361,-27
1362,-26
1363,-25
1364,-26
1365,-25
1366,-26
1367,-27
1368,-26
1369,-27
1370,-28
1371,-29
1372,-30
1373,-31
1374,-32
1375,-31
1376,-32
1377,-31
1378,-32
1379,-31
1380,-32
1381,-33
1382,-34
1383,-33
1384,-32
1385,-33
1386,-34
1387,-33
1388,-32
1389,-33
1390,-34
1391,-35
1392,-36
1393,-35
1394,-36
1395,-37
1396,-38
1397,-37
1398,-36
1399,-37
1400,-38
1401,-39
1402,-40
1403,-41
1404,-42
1405,-43
1406,-44
1407,-43
1408,-42
1409,-43
1410,-44
1411,-45
1412,-46
1413,-47
1414,-46
1415,-45
1416,-46
1417,-47
1418,-48
1419,-47
1420,-46
1421,-45
1422,-44
1423,-45
1424,-46
1425,-45
1426,-44
1427,-45
1428,-44
1429,-45
1430,-46
1431,-45
1432,-46
1433,-45
1434,-46
1435,-45
1436,-44
1437,-43
1438,-44
1439,-45
1440,-46
1441,-45
1442,-46
1443,-47
1444,-46
1445,-47
1446,-46
1447,-45
1448,-44
1449,-45
1450,-44
1451,-45
1452,-46
1453,-47
1454,-48
1455,-47
1456,-48
1457,-47
1458,-46
1459,-47
1460,-48
1461,-49
1462,-50
1463,-51
1464,-52
1465,-51
1466,-52
1467,-53
1468,-52
1469,-53
1470,-52
1471,-53
1472,-52
1473,-53
1474,-54
1475,-55
1476,-56
1477,-55
1478,-54
1479,-53
1480,-54
1481,-55
1482,-56
1483,-57
1484,-56
1485,-57
1486,-56
1487,-57
1488,-58
1489,-57
1490,-58
1491,-59
1492,-60
1493,-59
1494,-58
1495,-59
1496,-60
1497,-59
1498,-60
1499,-61
1500,-62
1501,-63
1502,-62
1503,-63
1504,-64
1505,-65
1506,-66
1507,-65
1508,-66
1509,-67
1510,-68
1511,-69
1512,-68
1513,-67
1514,-68
1515,-67
1516,-68
1517,-69
1518,-70
1519,-69
1520,-68
1521,-67
1522,-66
1523,-67
1524,-66
1525,-67
1526,-68
1527,-69
1528,-68
1529,-69
1530,-68
1531,-69
1532,-70
1533,-69
1534,-68
1535,-67
1536,-68
1537,-69
1538,-70
1539,-71
1540,-72
1541,-71
1542,-72
1543,-73
1544,-74
1545,-75
1546,-76
1547,-77
1548,-78
1549,-77
1550,-78
1551,-77
1552,-78
1553,-77
1554,-78
1555,-77
1556,-76
1557,-77
1558,-78
1559,-79
1560,-80
1561,-79
1562,-80
1563,-79
1564,-80
1565,-81
1566,-80
1567,-81
1568,-82
1569,-81
1570,-80
1571,-79
1572,-78
1573,-79
1574,-80
1575,-81
1576,-82
1577,-83
1578,-82
1579,-81
1580,-82
1581,-81
1582,-82
1583,-81
1584,-80
1585,-79
1586,-80
1587,-81
1588,-80
1589,-79
1590,-78
1591,-77
1592,-78
1593,-79
1594,-78
1595,-77
1596,-76
1597,-77
1598,-76
1599,-75
1600,-76
1601,-77
1602,-76
1603,-75
1604,-76
1605,-75
1606,-76
1607,-77
1608,-76
1609,-77
1610,-76
1611,-77
1612,-78
1613,-79
1614,-80
1615,-81
1616,-80
1617,-79
1618,-80
1619,-79
1620,-80
1621,-79
1622,-80
1623,-81
1624,-80
1625,-81
1626,-82
1627,-83
1628,-84
1629,-85
1630,-86
1631,-87
1632,-88
1633,-87
1634,-88
1635,-87
1636,-88
1637,-89
1638,-90
1639,-89
1640,-88
1641,-89
1642,-88
1643,-87
1644,-86
1645,-87
1646,-86
1647,-87
1648,-86
1649,-85
1650,-86
1651,-85
1652,-84
1653,-85
1654,-84
1655,-83
1656,-84
1657,-83
1658,-82
1659,-81
1660,-80
1661,-79
1662,-80
1663,-79
1664,-80
1665,-79
1666,-80
1667,-79
1668,-80
1669,-81
1670,-80
1671,-81
1672,-80
1673,-79
1674,-80
1675,-81
1676,-82
1677,-81
1678,-80
1679,-81
1680,-82
1681,-83
1682,-84
1683,-85
1684,-86
1685,-87
1686,-86
1687,-85
1688,-84
1689,-83
1690,-84
1691,-85
1692,-86
1693,-87
1694,-88
1695,-89
1696,-88
1697,-89
1698,-88
1699,-87
1700,-86
1701,-85
1702,-86
1703,-87
1704,-88
1705,-87
1706,-88
1707,-87
1708,-86
1709,-87
1710,-88
1711,-89
1712,-88
1713,-89
1714,-88
1715,-87
1716,-88
1717,-89
1718,-88
1719,-89
1720,-88
1721,-89
1722,-88
1723,-87
1724,-86
1725,-85
1726,-84
1727,-83
1728,-82
1729,-81
1730,-80
1731,-81
1732,-80
1733,-81
1734,-82
1735,-81
1736,-80
1737,-81
1738,-80
1739,-81
1740,-80
1741,-79
1742,-78
1743,-77
1744,-76
1745,-77
1746,-78
1747,-79
1748,-80
1749,-81
1750,-80
1751,-79
1752,-78
1753,-77
1754,-78
1755,-77
1756,-78
1757,-79
1758,-80
1759,-79
1760,-78
1761,-77
1762,-76
1763,-75
1764,-74
1765,-73
1766,-74
1767,-75
1768,-74
1769,-73
1770,-72
1771,-73
1772,-74
1773,-73
1774,-74
1775,-73
1776,-74
1777,-75
1778,-76
1779,-75
1780,-74
1781,-73
1782,-72
1783,-73
1784,-72
1785,-71
1786,-70
1787,-71
1788,-72
1789,-73
1790,-72
1791,-71
1792,-70
1793,-71
1794,-72
1795,-73
1796,-72
1797,-73
1798,-72
1799,-71
1800,-70
1801,-71
1802,-72
1803,-71
1804,-72
1805,-71
1806,-70
1807,-69
1808,-68
1809,-67
1810,-66
1811,-65
1812,-66
1813,-67
1814,-66
1815,-65
1816,-66
1817,-65
1818,-66
1819,-67
1820,-68
1821,-69
1822,-70
1823,-69
1824,-68
1825,-67
1826,-66
1827,-65
1828,-66
1829,-67
1830,-66
1831,-67
1832,-66
1833,-67
1834,-68
1835,-69
1836,-70
1837,-69
1838,-68
1839,-67
1840,-66
1841,-67
1842,-68
1843,-69
1844,-70
1845,-71
1846,-70
1847,-69
1848,-68
1849,-69
1850,-68
1851,-69
1852,-68
1853,-67
1854,-66
1855,-67
1856,-68
1857,-69
1858,-70
1859,-71
1860,-70
1861,-69
1862,-70
1863,-71
1864,-72
1865,-73
1866,-72
1867,-71
1868,-72
1869,-73
1870,-74
1871,-73
1872,-72
1873,-71
1874,-70
1875,-71
1876,-70
1877,-71
1878,-72
1879,-71
1880,-72
1881,-71
1882,-70
1883,-69
1884,-68
1885,-67
1886,-68
1887,-69
1888,-70
1889,-69
1890,-68
1891,-67
1892,-66
1893,-67
1894,-66
1895,-65
1896,-66
1897,-67
1898,-68
1899,-67
1900,-68
1901,-67
1902,-66
1903,-65
1904,-66
1905,-67
1906,-68
1907,-69
1908,-70
1909,-71
1910,-70
1911,-71
1912,-70
1913,-71
1914,-70
1915,-71
1916,-72
1917,-71
1918,-70
1919,-69
1920,-68
1921,-67
1922,-68
1923,-69
1924,-70
1925,-69
1926,-68
1927,-69
1928,-68
1929,-67
1930,-66
1931,-65
1932,-64
1933,-63
1934,-62
1935,-63
1936,-62
1937,-61
1938,-62
1939,-61
1940,-60
1941,-59
1942,-58
1943,-59
1944,-58
1945,-57
1946,-56
1947,-55
1948,-56
1949,-57
1950,-58
1951,-59
1952,-58
1953,-57
1954,-58
1955,-57
1956,-58
1957,-59
1958,-58
1959,-59
1960,-58
1961,-57
1962,-58
1963,-57
1964,-58
1965,-59
1966,-60
1967,-59
1968,-60
1969,-59
1970,-60
1971,-59
1972,-58
1973,-57
1974,-56
1975,-55
1976,-54
1977,-55
1978,-56
1979,-55
1980,-54
1981,-53
1982,-54
1983,-53
1984,-54
1985,-53
1986,-54
1987,-53
1988,-54
1989,-55
1990,-54
1991,-53
1992,-54
1993,-53
1994,-52
1995,-51
1996,-50
1997,-49
1998,-48
1999,-49
2000,-48
2001,-49
2002,-48
2003,-47
2004,-48
2005,-47
2006,-46
2007,-45
2008,-44
2009,-43
2010,-42
2011,-43
2012,-44
2013,-45
2014,-46
2015,-47
2016,-48
2017,-47
2018,-46
2019,-47
2020,-48
2021,-47
2022,-48
2023,-47
2024,-46
2025,-45
2026,-44
2027,-45
2028,-44
2029,-43
2030,-44
2031,-45
2032,-46
2033,-47
2034,-48
2035,-49
2036,-48
2037,-49
2038,-50
2039,-49
2040,-48
2041,-47
2042,-48
2043,-47
2044,-48
2045,-49
2046,-48
2047,-47
2048,-48
2049,-47
2050,-48
2051,-47
2052,-46
2053,-45
2054,-44
2055,-43
2056,-44
2057,-45
2058,-46
2059,-45
2060,-44
2061,-45
2062,-44
2063,-45
2064,-44
2065,-45
2066,-46
2067,-45
2068,-46
2069,-45
2070,-46
2071,-45
2072,-46
2073,-45
2074,-44
2075,-43
2076,-44
2077,-45
2078,-44
2079,-43
2080,-42
2081,-43
2082,-42
2083,-41
2084,-42
2085,-41
2086,-40
2087,-39
2088,-40
2089,-39
2090,-40
2091,-39
2092,-40
2093,-41
2094,-40
2095,-41
2096,-40
2097,-39
2098,-38
2099,-39
2100,-38
2101,-37
2102,-36
2103,-37
2104,-38
2105,-39
2106,-38
2107,-39
2108,-40
2109,-39
2110,-38
2111,-39
2112,-40
2113,-39
2114,-40
2115,-39
2116,-40
2117,-39
2118,-38
2119,-39
2120,-38
2121,-37
2122,-38
2123,-37
2124,-36
2125,-37
2126,-36
2127,-37
2128,-36
2129,-37
2130,-36
2131,-37
2132,-36
2133,-35
2134,-34
2135,-35
2136,-36
2137,-35
2138,-36
2139,-37
2140,-38
2141,-39
2142,-38
2143,-39
2144,-38
2145,-37
2146,-38
2147,-37
2148,-38
2149,-39
2150,-40
2151,-39
2152,-38
2153,-39
2154,-40
2155,-39
2156,-38
2157,-37
2158,-36
2159,-37
2160,-38
2161,-39
2162,-40
2163,-39
2164,-40
2165,-41
2166,-40
2167,-41
2168,-42
2169,-43
2170,-42
2171,-41
2172,-40
2173,-41
2174,-40
2175,-39
2176,-38
2177,-37
2178,-36
2179,-37
2180,-36
2181,-35
2182,-36
2183,-37
2184,-36
2185,-35
2186,-36
2187,-37
2188,-36
2189,-35
2190,-36
2191,-37
2192,-38
2193,-39
2194,-40
2195,-41
2196,-40
2197,-39
2198,-38
2199,-37
2200,-38
2201,-37
2202,-36
2203,-37
2204,-36
2205,-35
2206,-36
2207,-37
2208,-38
2209,-37
2210,-36
2211,-37
2212,-36
2213,-37
2214,-38
2215,-37
2216,-38
2217,-39
2218,-40
2219,-41
2220,-42
2221,-41
2222,-42
2223,-43
2224,-44
2225,-43
2226,-44
2227,-45
2228,-44
2229,-45
2230,-46
2231,-47
2232,-48
2233,-49
2234,-50
2235,-49
2236,-50
2237,-51
2238,-50
2239,-51
2240,-50
2241,-49
2242,-48
2243,-49
2244,-50
2245,-51
2246,-52
2247,-51
2248,-52
2249,-53
2250,-54
2251,-53
2252,-52
2253,-51
2254,-52
2255,-51
2256,-52
2257,-53
2258,-52
2259,-53
2260,-54
2261,-53
2262,-54
2263,-53
2264,-54
2265,-55
2266,-56
2267,-55
2268,-54
2269,-53
2270,-52
2271,-53
2272,-52
2273,-53
2274,-52
2275,-51
2276,-50
2277,-49
2278,-50
2279,-49
2280,-50
2281,-51
2282,-52
2283,-51
2284,-50
2285,-49
2286,-48
2287,-47
2288,-46
2289,-45
2290,-44
2291,-43
2292,-42
2293,-41
2294,-40
2295,-39
2296,-38
2297,-39
2298,-38
2299,-39
2300,-38
2301,-37
2302,-38
2303,-37
2304,-38
2305,-37
2306,-36
2307,-35
2308,-36
2309,-37
2310,-38
2311,-37
2312,-38
2313,-37
2314,-36
2315,-37
2316,-38
2317,-39
2318,-40
2319,-41
2320,-42
2321,-41
2322,-42
2323,-43
2324,-42
2325,-41
2326,-40
2327,-39
2328,-40
2329,-41
2330,-42
2331,-41
2332,-40
2333,-41
2334,-40
2335,-41
2336,-40
2337,-39
2338,-38
2339,-37
2340,-36
2341,-35
2342,-34
2343,-35
2344,-36
2345,-37
2346,-38
2347,-37
2348,-38
2349,-37
2350,-36
2351,-35
2352,-34
2353,-33
2354,-34
2355,-35
2356,-34
2357,-33
2358,-34
2359,-35
2360,-36
2361,-37
2362,-36
2363,-35
2364,-34
2365,-35
2366,-36
2367,-35
2368,-36
2369,-37
2370,-36
2371,-35
2372,-36
2373,-37
2374,-36
2375,-35
2376,-34
2377,-35
2378,-36
2379,-37
2380,-36
2381,-35
2382,-34
2383,-33
2384,-32
2385,-31
2386,-30
2387,-29
2388,-28
2389,-29
2390,-30
2391,-31
2392,-32
2393,-33
2394,-32
2395,-33
2396,-34
2397,-33
2398,-34
2399,-33
2400,-32
2401,-31
2402,-32
2403,-33
2404,-34
2405,-35
2406,-34
2407,-35
2408,-36
2409,-35
2410,-34
2411,-35
2412,-36
2413,-37
2414,-38
2415,-37
2416,-38
2417,-39
2418,-40
2419,-41
2420,-42
2421,-43
2422,-42
2423,-41
2424,-42
2425,-41
2426,-40
2427,-41
2428,-40
2429,-39
2430,-38
2431,-37
2432,-36
2433,-37
2434,-38
2435,-37
2436,-38
2437,-39
2438,-40
2439,-39
2440,-38
2441,-37
2442,-38
2443,-39
2444,-40
2445,-39
2446,-40
2447,-39
2448,-38
2449,-37
2450,-38
2451,-39
2452,-40
2453,-39
2454,-40
2455,-39
2456,-38
2457,-37
2458,-36
2459,-35
2460,-36
2461,-35
2462,-34
2463,-35
2464,-36
2465,-35
2466,-36
2467,-37
2468,-38
2469,-39
2470,-40
2471,-41
2472,-40
2473,-39
2474,-38
2475,-39
2476,-38
2477,-39
2478,-40
2479,-41
2480,-40
2481,-41
2482,-40
2483,-41
2484,-40
2485,-39
2486,-40
2487,-39
2488,-40
2489,-39
2490,-38
2491,-39
2492,-40
2493,-39
2494,-38
2495,-37
2496,-36
2497,-35
2498,-36
2499,-35
2500,-34
2501,-33
2502,-34
2503,-33
2504,-32
2505,-31
2506,-32
2507,-33
2508,-34
2509,-35
2510,-34
2511,-33
2512,-34
2513,-33
2514,-32
2515,-31
2516,-32
2517,-31
2518,-30
2519,-29
2520,-30
2521,-29
2522,-28
2523,-27
2524,-26
2525,-27
2526,-28
2527,-29
2528,-28
2529,-29
2530,-28
2531,-27
2532,-26
2533,-27
2534,-28
2535,-29
2536,-30
2537,-31
2538,-32
2539,-31
2540,-32
2541,-31
2542,-30
2543,-29
2544,-28
2545,-27
2546,-28
2547,-27
2548,-28
2549,-29
2550,-28
2551,-29
2552,-28
2553,-27
2554,-28
2555,-27
2556,-26
2557,-25
2558,-26
2559,-27
2560,-26
2561,-25
2562,-26
2563,-25
2564,-24
2565,-25
2566,-24
2567,-25
2568,-24
2569,-23
2570,-22
2571,-23
2572,-24
2573,-23
2574,-22
2575,-21
2576,-22
2577,-23
2578,-22
2579,-23
2580,-24
2581,-25
2582,-26
2583,-25
2584,-24
2585,-25
2586,-24
2587,-25
2588,-26
2589,-27
2590,-26
2591,-25
2592,-26
2593,-25
2594,-24
2595,-25
2596,-26
2597,-25
2598,-24
2599,-23
2600,-22
2601,-21
2602,-22
2603,-21
2604,-22
2605,-23
2606,-24
2607,-23
2608,-22
2609,-21
2610,-20
2611,-21
2612,-22
2613,-21
2614,-22
2615,-21
2616,-22
2617,-21
2618,-20
2619,-21
2620,-20
2621,-21
2622,-20
2623,-19
2624,-18
2625,-17
2626,-16
2627,-17
2628,-16
2629,-15
2630,-16
2631,-17
2632,-16
2633,-17
2634,-18
2635,-17
2636,-16
2637,-15
2638,-14
2639,-15
2640,-14
2641,-15
2642,-16
2643,-15
2644,-16
2645,-17
2646,-18
2647,-19
2648,-20
2649,-19
2650,-18
2651,-19
2652,-20
2653,-21
2654,-20
2655,-21
2656,-20
2657,-19
2658,-20
2659,-19
2660,-20
2661,-21
2662,-22
2663,-23
2664,-22
2665,-21
2666,-22
2667,-23
2668,-22
2669,-23
2670,-24
2671,-25
2672,-24
2673,-23
2674,-22
2675,-23
2676,-24
2677,-25
2678,-26
2679,-25
2680,-26
2681,-27
2682,-26
2683,-27
2684,-28
2685,-27
2686,-28
2687,-29
2688,-30
2689,-31
2690,-32
2691,-33
2692,-32
2693,-33
2694,-32
2695,-33
2696,-34
2697,-35
2698,-36
2699,-37
2700,-36
2701,-37
2702,-38
2703,-39
2704,-38
2705,-39
2706,-38
2707,-39
2708,-40
2709,-39
2710,-40
2711,-39
2712,-38
2713,-39
2714,-40
2715,-41
2716,-42
2717,-41
2718,-42
2719,-43
2720,-44
2721,-45
2722,-46
2723,-45
2724,-46
2725,-47
2726,-48
2727,-47
2728,-48
2729,-49
2730,-48
2731,-49
2732,-50
2733,-51
2734,-52
2735,-51
2736,-52
2737,-53
2738,-54
2739,-53
2740,-54
2741,-53
2742,-54
2743,-55
2744,-54
2745,-55
2746,-56
2747,-55
2748,-54
2749,-53
2750,-54
2751,-53
2752,-54
2753,-53
2754,-52
2755,-53
2756,-52
2757,-53
2758,-52
2759,-53
2760,-54
2761,-55
2762,-56
2763,-55
2764,-56
2765,-57
2766,-56
2767,-55
2768,-56
2769,-57
2770,-56
2771,-55
2772,-54
2773,-55
2774,-56
2775,-57
2776,-56
2777,-55
2778,-56
2779,-55
2780,-56
2781,-57
2782,-58
2783,-59
2784,-58
2785,-57
2786,-56
2787,-55
2788,-54
2789,-55
2790,-56
2791,-55
2792,-54
2793,-55
2794,-54
2795,-55
2796,-56
2797,-55
2798,-54
2799,-53
2800,-52
2801,-53
2802,-54
2803,-53
2804,-54
2805,-55
2806,-56
2807,-55
2808,-54
2809,-53
2810,-54
2811,-53
2812,-54
2813,-55
2814,-56
2815,-57
2816,-56
2817,-57
2818,-56
2819,-57
2820,-56
2821,-57
2822,-58
2823,-59
2824,-58
2825,-59
2826,-58
2827,-57
2828,-56
2829,-55
2830,-54
2831,-55
2832,-56
2833,-57
2834,-56
2835,-55
2836,-54
2837,-53
2838,-52
2839,-53
2840,-52
2841,-53
2842,-54
2843,-55
2844,-54
2845,-55
2846,-56
2847,-57
2848,-58
2849,-57
2850,-58
2851,-57
2852,-58
2853,-57
2854,-56
2855,-57
2856,-58
2857,-59
2858,-60
2859,-61
2860,-62
2861,-63
2862,-64
2863,-63
2864,-64
2865,-63
2866,-64
2867,-63
2868,-64
2869,-63
2870,-64
2871,-65
2872,-64
2873,-65
2874,-66
2875,-65
2876,-64
2877,-65
2878,-66
2879,-67
2880,-66
2881,-65
2882,-64
2883,-65
2884,-64
2885,-65
2886,-66
2887,-67
2888,-68
2889,-69
2890,-70
2891,-71
2892,-70
2893,-69
2894,-68
2895,-69
2896,-70
2897,-71
2898,-70
2899,-71
2900,-70
2901,-71
2902,-70
2903,-69
2904,-68
2905,-69
2906,-70
2907,-69
2908,-68
2909,-67
2910,-68
2911,-67
2912,-68
2913,-69
2914,-70
2915,-71
2916,-72
2917,-71
2918,-70
2919,-71
2920,-70
2921,-71
2922,-70
2923,-71
2924,-70
2925,-71
2926,-72
2927,-73
2928,-72
2929,-71
2930,-70
2931,-69
2932,-68
2933,-69
2934,-70
2935,-69
2936,-70
2937,-69
2938,-70
2939,-69
2940,-70
2941,-69
2942,-68
2943,-67
2944,-66
2945,-67
2946,-68
2947,-67
2948,-66
2949,-67
2950,-68
2951,-67
2952,-68
2953,-67
2954,-68
2955,-67
2956,-66
2957,-67
2958,-66
2959,-65
2960,-66
2961,-67
2962,-66
2963,-67
2964,-68
2965,-67
2966,-66
2967,-65
2968,-64
2969,-63
2970,-64
2971,-65
2972,-64
2973,-63
2974,-62
2975,-61
2976,-60
2977,-59
2978,-58
2979,-59
2980,-60
2981,-59
2982,-58
2983,-57
2984,-58
2985,-57
2986,-56
2987,-55
2988,-54
2989,-53
2990,-52
2991,-53
2992,-54
2993,-55
2994,-56
2995,-55
2996,-54
2997,-53
2998,-52
2999,-51
3000,-50
3001,-51
3002,-50
3003,-49
3004,-48
3005,-47
3006,-46
3007,-45
3008,-46
3009,-45
3010,-44
3011,-43
3012,-42
3013,-43
3014,-42
3015,-41
3016,-42
3017,-43
3018,-42
3019,-43
3020,-42
3021,-43
3022,-44
3023,-43
3024,-44
3025,-45
3026,-44
3027,-45
3028,-44
3029,-43
3030,-44
3031,-45
3032,-44
3033,-43
3034,-42
3035,-41
3036,-42
3037,-41
3038,-40
3039,-41
3040,-40
3041,-41
3042,-40
3043,-41
3044,-42
3045,-43
3046,-42
3047,-43
3048,-42
3049,-43
3050,-42
3051,-41
3052,-42
3053,-43
3054,-44
3055,-45
3056,-44
3057,-43
3058,-44
3059,-45
3060,-46
3061,-45
3062,-46
3063,-45
3064,-44
3065,-45
3066,-46
3067,-47
3068,-46
3069,-47
3070,-48
3071,-47
3072,-48
3073,-49
3074,-50
3075,-51
3076,-50
3077,-51
3078,-50
3079,-49
3080,-48
3081,-49
3082,-48
3083,-49
3084,-50
3085,-51
3086,-50
3087,-49
3088,-50
3089,-51
3090,-50
3091,-49
3092,-50
3093,-51
3094,-50
3095,-49
3096,-50
3097,-51
3098,-50
3099,-49
3100,-50
3101,-51
3102,-50
3103,-51
3104,-52
3105,-53
3106,-54
3107,-53
3108,-54
3109,-55
3110,-56
3111,-57
3112,-58
3113,-59
3114,-58
3115,-57
3116,-58
3117,-57
3118,-58
3119,-57
3120,-58
3121,-57
3122,-56
3123,-55
3124,-54
3125,-53
3126,-54
3127,-55
3128,-54
3129,-55
3130,-56
3131,-57
3132,-56
3133,-55
3134,-54
3135,-53
3136,-52
3137,-53
3138,-52
3139,-51
3140,-50
3141,-49
3142,-48
3143,-47
3144,-46
3145,-45
3146,-44
3147,-43
3148,-44
3149,-43
3150,-42
3151,-43
3152,-42
3153,-41
3154,-42
3155,-43
3156,-42
3157,-41
3158,-40
3159,-41
3160,-40
3161,-39
3162,-38
3163,-39
3164,-38
3165,-37
3166,-38
3167,-37
3168,-38
3169,-37
3170,-38
3171,-39
3172,-38
3173,-37
3174,-36
3175,-37
3176,-38
3177,-39
3178,-38
3179,-37
3180,-36
3181,-35
3182,-36
3183,-35
3184,-34
3185,-33
3186,-32
3187,-31
3188,-32
3189,-31
3190,-30
3191,-31
3192,-32
3193,-31
3194,-32
3195,-31
3196,-30
3197,-29
3198,-28
3199,-29
3200,-28
3201,-29
3202,-28
3203,-27
3204,-28
3205,-27
3206,-28
3207,-27
3208,-26
3209,-25
3210,-26
3211,-27
3212,-28
3213,-29
3214,-28
3215,-27
3216,-28
3217,-29
3218,-30
3219,-29
3220,-28
3221,-27
3222,-28
3223,-29
3224,-30
3225,-31
3226,-32
3227,-31
3228,-30
3229,-31
3230,-30
3231,-31
3232,-32
3233,-31
3234,-30
3235,-31
3236,-32
3237,-33
3238,-32
3239,-33
3240,-32
3241,-33
3242,-32
3243,-31
3244,-32
3245,-31
3246,-30
3247,-29
3248,-30
3249,-31
3250,-30
3251,-31
3252,-32
3253,-31
3254,-30
3255,-29
3256,-30
3257,-29
3258,-30
3259,-29
3260,-30
3261,-31
3262,-32
3263,-33
3264,-34
3265,-33
3266,-32
3267,-31
3268,-32
3269,-31
3270,-32
3271,-33
3272,-32
3273,-31
3274,-30
3275,-29
3276,-28
3277,-29
3278,-28
3279,-27
3280,-26
3281,-27
3282,-28
3283,-27
3284,-28
3285,-27
3286,-28
3287,-29
3288,-30
3289,-31
3290,-30
3291,-29
3292,-30
3293,-29
3294,-30
3295,-31
3296,-32
3297,-33
3298,-34
3299,-33
3300,-32
3301,-31
3302,-32
3303,-31
3304,-32
3305,-31
3306,-32
3307,-33
3308,-34
3309,-35
3310,-34
3311,-35
3312,-34
3313,-33
3314,-32
3315,-33
3316,-34
3317,-33
3318,-32
3319,-33
3320,-32
3321,-31
3322,-32
3323,-33
3324,-34
3325,-35
3326,-36
3327,-37
3328,-38
3329,-39
3330,-38
3331,-37
3332,-38
3333,-39
3334,-40
3335,-39
3336,-40
3337,-39
3338,-38
3339,-37
3340,-38
3341,-39
3342,-38
3343,-37
3344,-36
3345,-35
3346,-36
3347,-35
3348,-34
3349,-35
3350,-34
3351,-35
3352,-36
3353,-37
3354,-38
3355,-37
3356,-38
3357,-39
3358,-40
3359,-41
3360,-42
3361,-43
3362,-44
3363,-43
3364,-42
3365,-43
3366,-42
3367,-43
3368,-42
3369,-43
3370,-44
3371,-45
3372,-46
3373,-47
3374,-46
3375,-47
3376,-48
3377,-47
3378,-48
3379,-47
3380,-46
3381,-45
3382,-44
3383,-45
3384,-46
3385,-47
3386,-48
3387,-49
3388,-50
3389,-49
3390,-50
3391,-49
3392,-48
3393,-47
3394,-46
3395,-47
3396,-48
3397,-49
3398,-48
3399,-47
3400,-48
3401,-47
3402,-46
3403,-45
3404,-46
3405,-47
3406,-46
3407,-47
3408,-48
3409,-47
3410,-46
3411,-47
3412,-48
3413,-49
3414,-50
3415,-49
3416,-50
3417,-49
3418,-50
3419,-49
3420,-50
3421,-51
3422,-50
3423,-49
3424,-48
3425,-47
3426,-48
3427,-47
3428,-48
3429,-47
3430,-46
3431,-47
3432,-48
3433,-49
3434,-50
3435,-51
3436,-52
3437,-53
3438,-52
3439,-51
3440,-50
3441,-51
3442,-50
3443,-49
3444,-50
3445,-51
3446,-50
3447,-49
3448,-50
3449,-51
3450,-50
3451,-51
3452,-52
3453,-51
3454,-50
3455,-49
3456,-48
3457,-49
3458,-50
3459,-51
3460,-50
3461,-51
3462,-52
3463,-51
3464,-50
3465,-49
3466,-48
3467,-47
3468,-46
3469,-45
3470,-44
3471,-43
3472,-44
3473,-43
3474,-44
3475,-45
3476,-44
3477,-43
3478,-44
3479,-45
3480,-44
3481,-45
3482,-46
3483,-47
3484,-46
3485,-45
3486,-46
3487,-45
3488,-44
3489,-43
3490,-42
3491,-41
3492,-40
3493,-39
3494,-40
3495,-41
3496,-40
3497,-41
3498,-40
3499,-39
3500,-38
3501,-37
3502,-36
3503,-37
3504,-38
3505,-37
3506,-38
3507,-39
3508,-40
3509,-41
3510,-40
3511,-41
3512,-42
3513,-41
3514,-40
3515,-39
3516,-38
3517,-37
3518,-36
3519,-37
3520,-36
3521,-35
3522,-36
3523,-37
3524,-38
3525,-37
3526,-38
3527,-37
3528,-36
3529,-37
3530,-36
3531,-35
3532,-34
3533,-33
3534,-32
3535,-33
3536,-34
3537,-33
3538,-34
3539,-33
3540,-34
3541,-35
3542,-36
3543,-37
3544,-36
3545,-35
3546,-34
3547,-33
3548,-34
3549,-33
3550,-32
3551,-31
3552,-30
3553,-31
3554,-30
3555,-29
3556,-30
3557,-31
3558,-32
3559,-33
3560,-34
3561,-33
3562,-34
3563,-35
3564,-36
3565,-37
3566,-38
3567,-39
3568,-40
3569,-39
3570,-40
3571,-39
3572,-38
3573,-37
3574,-36
3575,-37
3576,-36
3577,-35
3578,-34
3579,-33
3580,-34
3581,-35
3582,-34
3583,-35
3584,-36
3585,-37
3586,-38
3587,-39
3588,-40
3589,-39
3590,-40
3591,-39
3592,-40
3593,-39
3594,-38
3595,-37
3596,-38
3597,-37
3598,-38
3599,-37
3600,-36
3601,-37
3602,-38
3603,-37
3604,-38
3605,-37
3606,-38
3607,-39
3608,-38
3609,-37
3610,-38
3611,-39
3612,-38
3613,-37
3614,-36
3615,-35
3616,-36
3617,-37
3618,-36
3619,-35
3620,-34
3621,-33
3622,-34
3623,-35
3624,-34
3625,-35
3626,-36
3627,-37
3628,-38
3629,-39
3630,-40
3631,-41
3632,-40
3633,-41
3634,-42
3635,-43
3636,-42
3637,-43
3638,-44
3639,-45
3640,-46
3641,-45
3642,-44
3643,-45
3644,-44
3645,-43
3646,-42
3647,-43
3648,-42
3649,-43
3650,-44
3651,-43
3652,-42
3653,-41
3654,-40
3655,-39
3656,-38
3657,-39
3658,-40
3659,-39
3660,-38
3661,-39
3662,-38
3663,-37
3664,-36
3665,-35
3666,-36
3667,-35
3668,-34
3669,-33
3670,-34
3671,-35
3672,-34
3673,-35
3674,-34
3675,-35
3676,-34
3677,-35
3678,-36
3679,-35
3680,-36
3681,-37
3682,-38
3683,-39
3684,-38
3685,-39
3686,-40
3687,-39
3688,-38
3689,-37
3690,-38
3691,-37
3692,-38
3693,-39
3694,-38
3695,-37
3696,-36
3697,-37
3698,-36
3699,-37
3700,-38
3701,-39
3702,-38
3703,-39
3704,-40
3705,-39
3706,-38
3707,-39
3708,-38
3709,-39
3710,-40
3711,-41
3712,-42
3713,-41
3714,-40
3715,-39
3716,-38
3717,-39
3718,-40
3719,-41
3720,-42
3721,-43
3722,-42
3723,-43
3724,-42
3725,-43
3726,-42
3727,-41
3728,-40
3729,-41
3730,-40
3731,-39
3732,-40
3733,-39
3734,-38
3735,-39
3736,-40
3737,-41
3738,-42
3739,-41
3740,-40
3741,-41
3742,-40
3743,-39
3744,-40
3745,-41
3746,-42
3747,-41
3748,-42
3749,-41
3750,-40
3751,-39
3752,-38
3753,-37
3754,-36
3755,-35
3756,-36
3757,-37
3758,-36
3759,-35
3760,-34
3761,-33
3762,-34
3763,-35
3764,-34
3765,-33
3766,-32
3767,-31
3768,-30
3769,-31
3770,-32
3771,-31
3772,-32
3773,-31
3774,-32
3775,-31
3776,-30
3777,-31
3778,-32
3779,-33
3780,-32
3781,-31
3782,-32
3783,-33
3784,-34
3785,-33
3786,-34
3787,-35
3788,-36
3789,-35
3790,-36
3791,-37
3792,-38
3793,-37
3794,-36
3795,-35
3796,-34
3797,-33
3798,-32
3799,-33
3800,-34
3801,-35
3802,-36
3803,-35
3804,-34
3805,-33
3806,-32
3807,-33
3808,-32
3809,-31
3810,-32
3811,-31
3812,-32
3813,-33
3814,-32
3815,-31
3816,-30
3817,-31
3818,-30
3819,-29
3820,-28
3821,-29
3822,-30
3823,-31
3824,-32
3825,-33
3826,-34
3827,-35
3828,-36
3829,-37
3830,-38
3831,-39
3832,-40
3833,-39
3834,-38
3835,-39
3836,-38
3837,-37
3838,-38
3839,-37
3840,-38
3841,-37
3842,-38
3843,-39
3844,-40
3845,-41
3846,-42
3847,-43
3848,-44
3849,-45
3850,-44
3851,-43
3852,-44
3853,-43
3854,-44
3855,-43
3856,-44
3857,-45
3858,-46
3859,-47
3860,-46
3861,-45
3862,-46
3863,-47
3864,-48
3865,-47
3866,-48
3867,-49
3868,-48
3869,-49
3870,-50
3871,-49
3872,-48
3873,-47
3874,-48
3875,-47
3876,-48
3877,-47
3878,-48
3879,-49
3880,-50
3881,-49
3882,-50
3883,-51
3884,-50
3885,-51
3886,-50
3887,-49
3888,-48
3889,-47
3890,-48
3891,-49
3892,-50
3893,-49
3894,-50
3895,-49
3896,-50
3897,-49
3898,-48
3899,-49
3900,-48
3901,-47
3902,-46
3903,-47
3904,-46
3905,-45
3906,-44
3907,-43
3908,-44
3909,-45
3910,-46
3911,-45
3912,-44
3913,-45
3914,-44
3915,-45
3916,-46
3917,-47
3918,-46
3919,-45
3920,-44
3921,-43
3922,-42
3923,-43
3924,-44
3925,-43
3926,-42
3927,-43
3928,-42
3929,-43
3930,-44
3931,-43
3932,-44
3933,-43
3934,-44
3935,-43
3936,-42
3937,-41
3938,-42
3939,-43
3940,-42
3941,-41
3942,-40
3943,-41
3944,-42
3945,-41
3946,-40
3947,-39
3948,-40
3949,-41
3950,-42
3951,-41
3952,-40
3953,-41
3954,-42
3955,-43
3956,-44
3957,-45
3958,-44
3959,-43
3960,-42
3961,-41
3962,-40
3963,-39
3964,-38
3965,-37
3966,-38
3967,-37
3968,-38
3969,-37
3970,-36
3971,-37
3972,-36
3973,-35
3974,-34
3975,-33
3976,-34
3977,-33
3978,-32
3979,-31
3980,-32
3981,-33
3982,-34
3983,-35
3984,-34
3985,-33
3986,-32
3987,-33
3988,-32
3989,-33
3990,-34
3991,-33
3992,-32
3993,-31
3994,-32
3995,-33
3996,-34
3997,-35
3998,-36
3999,-37
4000,-38
4001,-37
4002,-38
4003,-37
4004,-38
4005,-39
4006,-40
4007,-41
4008,-40
4009,-41
4010,-42
4011,-43
4012,-44
4013,-45
4014,-44
4015,-45
4016,-46
4017,-45
4018,-44
4019,-43
4020,-44
4021,-43
4022,-42
4023,-41
4024,-40
4025,-39
4026,-40
4027,-39
4028,-38
4029,-39
4030,-40
4031,-41
4032,-42
4033,-41
4034,-42
4035,-41
4036,-40
4037,-41
4038,-40
4039,-39
4040,-38
4041,-39
4042,-40
4043,-41
4044,-40
4045,-39
4046,-40
4047,-39
4048,-38
4049,-37
4050,-38
4051,-39
4052,-38
4053,-37
4054,-36
4055,-37
4056,-38
4057,-37
4058,-38
4059,-39
4060,-38
4061,-39
4062,-38
4063,-39
4064,-40
4065,-41
4066,-42
4067,-43
4068,-42
4069,-41
4070,-42
4071,-41
4072,-42
4073,-41
4074,-40
4075,-41
4076,-40
4077,-41
4078,-42
4079,-43
4080,-42
4081,-41
4082,-40
4083,-41
4084,-42
4085,-43
4086,-44
4087,-45
4088,-46
4089,-47
4090,-48
4091,-47
4092,-48
4093,-49
4094,-50
4095,-49
4096,-48
4097,-49
4098,-50
4099,-49
4100,-50
4101,-49
4102,-50
4103,-49
4104,-48
4105,-47
4106,-46
4107,-47
4108,-48
4109,-47
4110,-48
4111,-47
4112,-48
4113,-47
4114,-48
4115,-47
4116,-46
4117,-47
4118,-46
4119,-45
4120,-44
4121,-43
4122,-44
4123,-45
4124,-46
4125,-45
4126,-44
4127,-45
4128,-46
4129,-47
4130,-48
4131,-49
4132,-48
4133,-47
4134,-46
4135,-45
4136,-46
4137,-47
4138,-48
4139,-49
4140,-48
4141,-47
4142,-48
4143,-49
4144,-50
4145,-49
4146,-48
4147,-49
4148,-48
4149,-47
4150,-48
4151,-49
4152,-48
4153,-47
4154,-46
4155,-45
4156,-46
4157,-47
4158,-48
4159,-47
4160,-48
4161,-49
4162,-50
4163,-51
4164,-50
4165,-51
4166,-52
4167,-53
4168,-54
4169,-55
4170,-56
4171,-57
4172,-56
4173,-55
4174,-54
4175,-55
4176,-54
4177,-53
4178,-52
4179,-53
4180,-54
4181,-53
4182,-52
4183,-51
4184,-52
4185,-51
4186,-52
4187,-53
4188,-52
4189,-51
4190,-50
4191,-49
4192,-48
4193,-47
4194,-46
4195,-47
4196,-48
4197,-47
4198,-46
4199,-45
4200,-46
4201,-45
4202,-46
4203,-45
4204,-44
4205,-45
4206,-46
4207,-45
4208,-44
4209,-45
4210,-46
4211,-47
4212,-46
4213,-47
4214,-46
4215,-45
4216,-44
4217,-45
4218,-46
4219,-45
4220,-44
4221,-43
4222,-42
4223,-43
4224,-44
4225,-43
4226,-44
4227,-45
4228,-46
4229,-47
4230,-46
4231,-45
4232,-46
4233,-45
4234,-44
4235,-43
4236,-42
4237,-41
4238,-40
4239,-41
4240,-40
4241,-39
4242,-38
4243,-37
4244,-38
4245,-37
4246,-38
4247,-37
4248,-38
4249,-39
4250,-38
4251,-39
4252,-38
4253,-39
4254,-38
4255,-37
4256,-36
4257,-35
4258,-36
4259,-35
4260,-34
4261,-33
4262,-34
4263,-35
4264,-34
4265,-33
4266,-34
4267,-35
4268,-36
4269,-35
4270,-36
4271,-37
4272,-36
4273,-35
4274,-34
4275,-33
4276,-32
4277,-33
4278,-32
4279,-31
4280,-30
4281,-29
4282,-30
4283,-31
4284,-30
4285,-29
4286,-28
4287,-29
4288,-30
4289,-29
4290,-28
4291,-27
4292,-26
4293,-25
4294,-24
4295,-25
4296,-26
4297,-25
4298,-24
4299,-25
4300,-26
4301,-25
4302,-24
4303,-25
4304,-24
4305,-23
4306,-22
4307,-21
4308,-20
4309,-19
4310,-20
4311,-21
4312,-20
4313,-21
4314,-20
4315,-21
4316,-20
4317,-21
4318,-22
4319,-21
4320,-22
4321,-21
4322,-22
4323,-23
4324,-24
4325,-25
4326,-26
4327,-27
4328,-26
4329,-25
4330,-26
4331,-25
4332,-26
4333,-27
4334,-28
4335,-27
4336,-26
4337,-27
4338,-26
4339,-25
4340,-24
4341,-23
4342,-24
4343,-25
4344,-26
4345,-25
4346,-24
4347,-25
4348,-24
4349,-23
4350,-24
4351,-25
4352,-26
4353,-25
4354,-26
4355,-25
4356,-26
4357,-27
4358,-26
4359,-25
4360,-26
4361,-27
4362,-28
4363,-29
4364,-30
4365,-31
4366,-30
4367,-31
4368,-32
4369,-31
4370,-30
4371,-29
4372,-30
4373,-29
4374,-30
4375,-31
4376,-32
4377,-33
4378,-32
4379,-33
4380,-32
4381,-31
4382,-32
4383,-31
4384,-32
4385,-31
4386,-32
4387,-33
4388,-32
4389,-31
4390,-32
4391,-33
4392,-34
4393,-33
4394,-34
4395,-35
4396,-34
4397,-33
4398,-32
4399,-31
4400,-30
4401,-31
4402,-30
4403,-31
4404,-30
4405,-31
4406,-30
4407,-31
4408,-32
4409,-33
4410,-32
4411,-33
4412,-34
4413,-35
4414,-34
4415,-33
4416,-34
4417,-33
4418,-32
4419,-31
4420,-32
4421,-33
4422,-34
4423,-35
4424,-36
4425,-37
4426,-36
4427,-37
4428,-36
4429,-35
4430,-36
4431,-35
4432,-34
4433,-33
4434,-34
4435,-33
4436,-32
4437,-33
4438,-32
4439,-33
4440,-34
4441,-33
4442,-32
4443,-33
4444,-34
4445,-35
4446,-36
4447,-37
4448,-36
4449,-35
4450,-34
4451,-33
4452,-32
4453,-33
4454,-32
4455,-33
4456,-34
4457,-35
4458,-34
4459,-33
4460,-32
4461,-33
4462,-32
4463,-31
4464,-32
4465,-31
4466,-32
4467,-33
4468,-32
4469,-33
4470,-34
4471,-33
4472,-32
4473,-31
4474,-32
4475,-31
4476,-32
4477,-33
4478,-32
4479,-31
4480,-32
4481,-33
4482,-34
4483,-33
4484,-32
4485,-31
4486,-32
4487,-33
4488,-34
4489,-33
4490,-34
4491,-33
4492,-32
4493,-31
4494,-30
4495,-29
4496,-28
4497,-27
4498,-28
4499,-27
4500,-28
4501,-29
4502,-28
4503,-29
4504,-30
4505,-31
4506,-32
4507,-31
4508,-32
4509,-33
4510,-32
4511,-33
4512,-32
4513,-31
4514,-32
4515,-33
4516,-32
4517,-31
4518,-32
4519,-33
4520,-34
4521,-35
4522,-36
4523,-37
4524,-38
4525,-39
4526,-38
4527,-37
4528,-38
4529,-37
4530,-38
4531,-39
4532,-38
4533,-39
4534,-38
4535,-39
4536,-38
4537,-39
4538,-38
4539,-37
4540,-38
4541,-37
4542,-36
4543,-35
4544,-34
4545,-35
4546,-36
4547,-37
4548,-36
4549,-37
4550,-38
4551,-39
4552,-40
4553,-39
4554,-40
4555,-39
4556,-38
4557,-37
4558,-36
4559,-37
4560,-36
4561,-37
4562,-38
4563,-37
4564,-38
4565,-37
4566,-38
4567,-39
4568,-40
4569,-39
4570,-40
4571,-39
4572,-40
4573,-39
4574,-38
4575,-39
4576,-40
4577,-41
4578,-42
4579,-43
4580,-42
4581,-43
4582,-42
4583,-41
4584,-40
4585,-41
4586,-40
4587,-39
4588,-40
4589,-41
4590,-40
4591,-39
4592,-38
4593,-37
4594,-38
4595,-39
4596,-40
4597,-39
4598,-40
4599,-39
4600,-38
4601,-39
4602,-40
4603,-39
4604,-38
4605,-37
4606,-38
4607,-37
4608,-36
4609,-37
4610,-36
4611,-37
4612,-36
4613,-37
4614,-36
4615,-35
4616,-36
4617,-35
4618,-36
4619,-35
4620,-34
4621,-33
4622,-32
4623,-33
4624,-32
4625,-31
4626,-32
4627,-33
4628,-32
4629,-31
4630,-30
4631,-31
4632,-32
4633,-33
4634,-32
4635,-31
4636,-30
4637,-29
4638,-28
4639,-27
4640,-26
4641,-25
4642,-26
4643,-27
4644,-26
4645,-27
4646,-28
4647,-27
4648,-26
4649,-27
4650,-26
4651,-27
4652,-28
4653,-29
4654,-28
4655,-29
4656,-30
4657,-29
4658,-30
4659,-31
4660,-32
4661,-31
4662,-32
4663,-31
4664,-32
4665,-33
4666,-34
4667,-35
4668,-36
4669,-35
4670,-34
4671,-33
4672,-32
4673,-33
4674,-34
4675,-33
4676,-32
4677,-33
4678,-34
4679,-33
4680,-32
4681,-33
4682,-34
4683,-33
4684,-32
4685,-33
4686,-34
4687,-35
4688,-36
4689,-37
4690,-36
4691,-35
4692,-34
4693,-35
4694,-36
4695,-35
4696,-34
4697,-35
4698,-36
4699,-37
4700,-36
4701,-37
4702,-38
4703,-37
4704,-38
4705,-39
4706,-38
4707,-39
4708,-40
4709,-39
4710,-38
4711,-37
4712,-36
4713,-37
4714,-36
4715,-35
4716,-36
4717,-35
4718,-36
4719,-35
4720,-36
4721,-37
4722,-38
4723,-39
4724,-40
4725,-41
4726,-42
4727,-43
4728,-44
4729,-43
4730,-42
4731,-43
4732,-42
4733,-41
4734,-40
4735,-39
4736,-38
4737,-39
4738,-40
4739,-39
4740,-40
4741,-41
4742,-40
4743,-39
4744,-38
4745,-37
4746,-36
4747,-37
4748,-36
4749,-37
4750,-36
4751,-35
4752,-36
4753,-35
4754,-34
4755,-33
4756,-32
4757,-33
4758,-34
4759,-35
4760,-34
4761,-33
4762,-32
4763,-31
4764,-30
4765,-31
4766,-32
4767,-31
4768,-30
4769,-31
4770,-30
4771,-29
4772,-28
4773,-27
4774,-26
4775,-25
4776,-24
4777,-23
4778,-24
4779,-23
4780,-24
4781,-23
4782,-22
4783,-21
4784,-22
4785,-23
4786,-24
4787,-25
4788,-24
4789,-25
4790,-26
4791,-25
4792,-26
4793,-25
4794,-24
4795,-23
4796,-22
4797,-23
4798,-22
4799,-21
4800,-22
4801,-23
4802,-24
4803,-23
4804,-24
4805,-23
4806,-22
4807,-23
4808,-22
4809,-23
4810,-24
4811,-23
4812,-22
4813,-21
4814,-20
4815,-19
4816,-18
4817,-17
4818,-16
4819,-17
4820,-16
4821,-15
4822,-16
4823,-15
4824,-16
4825,-17
4826,-18
4827,-19
4828,-20
4829,-21
4830,-22
4831,-21
4832,-20
4833,-19
4834,-18
4835,-19
4836,-18
4837,-19
4838,-20
4839,-21
4840,-20
4841,-21
4842,-20
4843,-19
4844,-18
4845,-19
4846,-18
4847,-17
4848,-16
4849,-17
4850,-16
4851,-17
4852,-16
4853,-15
4854,-14
4855,-15
4856,-14
4857,-13
4858,-12
4859,-11
4860,-12
4861,-13
4862,-14
4863,-15
4864,-14
4865,-15
4866,-16
4867,-17
4868,-16
4869,-17
4870,-16
4871,-17
4872,-16
4873,-17
4874,-18
4875,-19
4876,-20
4877,-21
4878,-20
4879,-21
4880,-20
4881,-19
4882,-20
4883,-19
4884,-20
4885,-21
4886,-22
4887,-23
4888,-24
4889,-23
4890,-22
4891,-21
4892,-20
4893,-21
4894,-20
4895,-21
4896,-22
4897,-21
4898,-22
4899,-21
4900,-22
4901,-23
4902,-22
4903,-23
4904,-24
4905,-23
4906,-24
4907,-25
4908,-24
4909,-25
4910,-24
4911,-25
4912,-24
4913,-23
4914,-22
4915,-23
4916,-22
4917,-23
4918,-24
4919,-23
4920,-22
4921,-21
4922,-22
4923,-23
4924,-22
4925,-21
4926,-20
4927,-21
4928,-22
4929,-23
4930,-22
4931,-21
4932,-20
4933,-19
4934,-20
4935,-19
4936,-20
4937,-19
4938,-18
4939,-19
4940,-20
4941,-21
4942,-22
4943,-21
4944,-20
4945,-19
4946,-20
4947,-19
4948,-18
4949,-17
4950,-18
4951,-19
4952,-20
4953,-21
4954,-20
4955,-19
4956,-18
4957,-17
4958,-18
4959,-17
4960,-16
4961,-17
4962,-18
4963,-19
4964,-20
4965,-21
4966,-22
4967,-21
4968,-20
4969,-21
4970,-22
4971,-23
4972,-24
4973,-25
4974,-26
4975,-27
4976,-28
4977,-27
4978,-26
4979,-25
4980,-24
4981,-23
4982,-24
4983,-25
4984,-26
4985,-27
4986,-26
4987,-25
4988,-26
4989,-25
4990,-24
4991,-23
4992,-22
4993,-23
4994,-24
4995,-23
4996,-24
4997,-25
4998,-24
4999,-23
5000,-22
5001,-23
5002,-24
5003,-23
5004,-24
5005,-23
5006,-22
5007,-21
5008,-22
5009,-23
5010,-24
5011,-25
5012,-26
5013,-27
5014,-28
5015,-29
5016,-30
5017,-31
5018,-30
5019,-29
5020,-30
5021,-31
5022,-32
5023,-31
5024,-32
5025,-31
5026,-30
5027,-31
5028,-30
5029,-31
5030,-30
5031,-31
5032,-32
5033,-33
5034,-32
5035,-31
5036,-32
5037,-31
5038,-30
5039,-29
5040,-30
5041,-29
5042,-30
5043,-31
5044,-30
5045,-29
5046,-30
5047,-31
5048,-30
5049,-29
5050,-28
5051,-27
5052,-28
5053,-27
5054,-28
5055,-29
5056,-30
5057,-29
5058,-30
5059,-29
5060,-30
5061,-31
5062,-32
5063,-31
5064,-32
5065,-33
5066,-32
5067,-33
5068,-34
5069,-35
5070,-36
5071,-37
5072,-36
5073,-35
5074,-34
5075,-33
5076,-32
5077,-31
5078,-30
5079,-29
5080,-30
5081,-29
5082,-28
5083,-27
5084,-28
5085,-29
5086,-30
5087,-31
5088,-30
5089,-31
5090,-30
5091,-31
5092,-32
5093,-33
5094,-34
5095,-33
5096,-34
5097,-35
5098,-34
5099,-33
5100,-32
5101,-33
5102,-32
5103,-31
5104,-30
5105,-31
5106,-32
5107,-31
5108,-32
5109,-31
5110,-30
5111,-29
5112,-30
5113,-29
5114,-28
5115,-29
5116,-28
5117,-27
5118,-26
5119,-25
5120,-24
5121,-23
5122,-22
5123,-21
5124,-20
5125,-19
5126,-18
5127,-17
5128,-16
5129,-17
5130,-16
5131,-15
5132,-16
5133,-15
5134,-14
5135,-15
5136,-16
5137,-17
5138,-16
5139,-15
5140,-14
5141,-13
5142,-12
5143,-11
5144,-10
5145,-9
5146,-10
5147,-9
5148,-10
5149,-9
5150,-10
5151,-9
5152,-10
5153,-9
5154,-10
5155,-9
5156,-8
5157,-7
5158,-6
5159,-7
5160,-6
5161,-7
5162,-6
5163,-7
5164,-6
5165,-7
5166,-8
5167,-9
5168,-10
5169,-11
5170,-10
5171,-9
5172,-10
5173,-9
5174,-10
5175,-11
5176,-10
5177,-9
5178,-10
5179,-11
5180,-10
5181,-11
5182,-10
5183,-11
5184,-12
5185,-13
5186,-12
5187,-11
5188,-12
5189,-13
5190,-12
5191,-13
5192,-12
5193,-11
5194,-10
5195,-11
5196,-10
5197,-11
5198,-12
5199,-13
5200,-12
5201,-13
5202,-12
5203,-13
5204,-14
5205,-15
5206,-16
5207,-17
5208,-16
5209,-15
5210,-14
5211,-15
5212,-16
5213,-15
5214,-14
5215,-15
5216,-14
5217,-15
5218,-14
5219,-13
5220,-14
5221,-15
5222,-14
5223,-15
5224,-16
5225,-17
5226,-18
5227,-17
5228,-16
5229,-15
5230,-14
5231,-13
5232,-14
5233,-13
5234,-14
5235,-15
5236,-16
5237,-17
5238,-18
5239,-17
5240,-16
5241,-17
5242,-18
5243,-19
5244,-18
5245,-17
5246,-18
5247,-17
5248,-18
5249,-17
5250,-18
5251,-19
5252,-18
5253,-19
5254,-20
5255,-21
5256,-22
5257,-23
5258,-22
5259,-23
5260,-24
5261,-23
5262,-24
5263,-23
5264,-24
5265,-25
5266,-24
5267,-25
5268,-26
5269,-25
5270,-26
5271,-25
5272,-24
5273,-25
5274,-24
5275,-25
5276,-26
5277,-27
5278,-28
5279,-29
5280,-30
5281,-31
5282,-30
5283,-29
5284,-28
5285,-27
5286,-28
5287,-27
5288,-26
5289,-25
5290,-26
5291,-27
5292,-28
5293,-27
5294,-26
5295,-25
5296,-26
5297,-27
5298,-28
5299,-27
5300,-28
5301,-27
5302,-28
5303,-27
5304,-26
5305,-25
5306,-24
5307,-23
5308,-24
5309,-25
5310,-26
5311,-25
5312,-26
5313,-27
5314,-28
5315,-27
5316,-28
5317,-27
5318,-26
5319,-27
5320,-26
5321,-25
5322,-24
5323,-23
5324,-24
5325,-23
5326,-22
5327,-21
5328,-22
5329,-23
5330,-22
5331,-21
5332,-22
5333,-21
5334,-20
5335,-19
5336,-20
5337,-21
5338,-22
5339,-23
5340,-22
5341,-21
5342,-20
5343,-19
5344,-18
5345,-19
5346,-18
5347,-17
5348,-16
5349,-15
5350,-14
5351,-13
5352,-14
5353,-13
5354,-12
5355,-13
5356,-14
5357,-15
5358,-14
5359,-13
5360,-14
5361,-13
5362,-12
5363,-11
5364,-10
5365,-9
5366,-8
5367,-9
5368,-8
5369,-9
5370,-8
5371,-7
5372,-6
5373,-5
5374,-4
5375,-5
5376,-6
5377,-7
5378,-6
5379,-7
5380,-6
5381,-7
5382,-6
5383,-5
5384,-4
5385,-3
5386,-2
5387,-1
5388,-2
5389,-3
5390,-4
5391,-3
5392,-2
5393,-3
5394,-2
5395,-3
5396,-4
5397,-5
5398,-4
5399,-5
5400,-4
5401,-5
5402,-6
5403,-5
5404,-6
5405,-7
5406,-8
5407,-9
5408,-8
5409,-9
5410,-10
5411,-11
5412,-10
5413,-11
5414,-12
5415,-11
5416,-12
5417,-13
5418,-14
5419,-15
5420,-14
5421,-15
5422,-14
5423,-15
5424,-16
5425,-15
5426,-16
5427,-17
5428,-16
5429,-15
5430,-16
5431,-15
5432,-14
5433,-15
5434,-16
5435,-15
5436,-16
5437,-15
5438,-14
5439,-13
5440,-14
5441,-13
5442,-14
5443,-15
5444,-16
5445,-17
5446,-16
5447,-15
5448,-16
5449,-17
5450,-16
5451,-15
5452,-16
5453,-17
5454,-18
5455,-19
5456,-18
5457,-19
5458,-20
5459,-19
5460,-20
5461,-21
5462,-20
5463,-21
5464,-22
5465,-21
5466,-22
5467,-21
5468,-20
5469,-19
5470,-18
5471,-19
5472,-18
5473,-17
5474,-18
5475,-19
5476,-20
5477,-21
5478,-20
5479,-21
5480,-20
5481,-21
5482,-22
5483,-23
5484,-24
5485,-23
5486,-24
5487,-23
5488,-22
5489,-23
5490,-22
5491,-21
5492,-20
5493,-19
5494,-18
5495,-17
5496,-16
5497,-15
5498,-16
5499,-17
5500,-18
5501,-19
5502,-20
5503,-19
5504,-18
5505,-19
5506,-20
5507,-19
5508,-20
5509,-19
5510,-18
5511,-19
5512,-18
5513,-17
5514,-16
5515,-17
5516,-18
5517,-19
5518,-20
5519,-19
5520,-20
5521,-19
5522,-18
5523,-19
5524,-18
5525,-17
5526,-16
5527,-15
5528,-16
5529,-15
5530,-14
5531,-13
5532,-14
5533,-13
5534,-12
5535,-11
5536,-12
5537,-11
5538,-10
5539,-9
5540,-8
5541,-9
5542,-8
5543,-7
5544,-6
5545,-5
5546,-4
5547,-5
5548,-6
5549,-5
5550,-4
5551,-3
5552,-2
5553,-1
5554,0
5555,1
5556,0
5557,1
5558,0
5559,-1
5560,0
5561,1
5562,2
5563,1
5564,0
5565,-1
5566,-2
5567,-1
5568,-2
5569,-1
5570,0
5571,1
5572,0
5573,-1
5574,0
5575,-1
5576,-2
5577,-3
5578,-2
5579,-1
5580,-2
5581,-3
5582,-2
5583,-1
5584,-2
5585,-1
5586,0
5587,1
5588,2
5589,1
5590,0
5591,-1
5592,-2
5593,-1
5594,-2
5595,-1
5596,0
5597,-1
5598,-2
5599,-3
5600,-2
5601,-1
5602,-2
5603,-3
5604,-4
5605,-5
5606,-6
5607,-7
5608,-8
5609,-7
5610,-6
5611,-7
5612,-6
5613,-7
5614,-6
5615,-5
5616,-4
5617,-3
5618,-4
5619,-3
5620,-2
5621,-3
5622,-2
5623,-3
5624,-4
5625,-5
5626,-6
5627,-7
5628,-6
5629,-7
5630,-6
5631,-7
5632,-6
5633,-5
5634,-4
5635,-5
5636,-6
5637,-5
5638,-4
5639,-3
5640,-4
5641,-5
5642,-6
5643,-5
5644,-6
5645,-7
5646,-6
5647,-5
5648,-6
5649,-5
5650,-6
5651,-7
5652,-8
5653,-7
5654,-6
5655,-5
5656,-4
5657,-3
5658,-4
5659,-5
5660,-4
5661,-5
5662,-4
5663,-3
5664,-4
5665,-3
5666,-4
5667,-5
5668,-4
5669,-3
5670,-4
5671,-3
5672,-4
5673,-3
5674,-4
5675,-5
5676,-6
5677,-5
5678,-6
5679,-7
5680,-8
5681,-9
5682,-8
5683,-9
5684,-8
5685,-7
5686,-8
5687,-9
5688,-8
5689,-7
5690,-8
5691,-7
5692,-6
5693,-7
5694,-6
5695,-7
5696,-8
5697,-7
5698,-6
5699,-7
5700,-6
5701,-5
5702,-6
5703,-5
5704,-6
5705,-7
5706,-8
5707,-9
5708,-8
5709,-7
5710,-6
5711,-7
5712,-8
5713,-7
5714,-8
5715,-9
5716,-8
5717,-7
5718,-8
5719,-9
5720,-8
5721,-9
5722,-8
5723,-7
5724,-8
5725,-7
5726,-6
5727,-5
5728,-6
5729,-7
5730,-8
5731,-7
5732,-8
5733,-7
5734,-6
5735,-7
5736,-8
5737,-9
5738,-10
5739,-9
5740,-8
5741,-7
5742,-6
5743,-7
5744,-6
5745,-5
5746,-4
5747,-5
5748,-4
5749,-3
5750,-4
5751,-5
5752,-6
5753,-7
5754,-6
5755,-5
5756,-6
5757,-5
5758,-6
5759,-5
5760,-4
5761,-5
5762,-6
5763,-5
5764,-6
5765,-5
5766,-4
5767,-3
5768,-2
5769,-1
5770,0
5771,1
5772,0
5773,-1
5774,0
5775,1
5776,0
5777,1
5778,2
5779,1
5780,0
5781,-1
5782,-2
5783,-1
5784,-2
5785,-1
5786,-2
5787,-3
5788,-4
5789,-3
5790,-4
5791,-5
5792,-6
5793,-7
5794,-6
5795,-5
5796,-6
5797,-7
5798,-6
5799,-5
5800,-6
5801,-5
5802,-4
5803,-5
5804,-6
5805,-5
5806,-6
5807,-7
5808,-6
5809,-7
5810,-8
5811,-7
5812,-8
5813,-9
5814,-10
5815,-9
5816,-10
5817,-9
5818,-8
5819,-9
5820,-10
5821,-11
5822,-12
5823,-11
5824,-10
5825,-11
5826,-12
5827,-11
5828,-10
5829,-11
5830,-12
5831,-11
5832,-12
5833,-13
5834,-12
5835,-13
5836,-12
5837,-13
5838,-12
5839,-11
5840,-10
5841,-11
5842,-10
5843,-11
5844,-10
5845,-11
5846,-10
5847,-9
5848,-8
5849,-7
5850,-8
5851,-9
5852,-8
5853,-7
5854,-6
5855,-7
5856,-8
5857,-7
5858,-8
5859,-7
5860,-6
5861,-5
5862,-4
5863,-5
5864,-4
5865,-3
5866,-2
5867,-3
5868,-2
5869,-1
5870,0
5871,-1
5872,0
5873,1
5874,2
5875,3
5876,4
5877,3
5878,2
5879,1
5880,0
5881,-1
5882,-2
5883,-1
5884,0
5885,1
5886,2
5887,1
5888,0
5889,1
5890,0
5891,1
5892,2
5893,3
5894,4
5895,3
5896,4
5897,3
5898,4
5899,5
5900,6
5901,5
5902,6
5903,5
5904,6
5905,7
5906,8
5907,9
5908,10
5909,11
5910,10
5911,11
5912,10
5913,9
5914,10
5915,11
5916,12
5917,11
5918,12
5919,13
5920,14
5921,15
5922,16
5923,17
5924,16
5925,15
5926,16
5927,17
5928,16
5929,17
5930,18
5931,19
5932,20
5933,21
5934,22
5935,21
5936,20
5937,19
5938,18
5939,19
5940,20
5941,19
5942,20
5943,21
5944,22
5945,21
5946,20
5947,21
5948,22
5949,21
5950,20
5951,19
5952,20
5953,19
5954,20
5955,21
5956,22
5957,21
5958,20
5959,21
5960,20
5961,21
5962,20
5963,19
5964,20
5965,21
5966,22
5967,21
5968,22
5969,23
5970,22
5971,23
5972,24
5973,25
5974,26
5975,27
5976,26
5977,25
5978,24
5979,23
5980,22
5981,21
5982,20
5983,19
5984,18
5985,19
5986,20
5987,19
5988,18
5989,19
5990,18
5991,19
5992,20
5993,19
5994,18
5995,19
5996,18
5997,17
5998,18
5999,19
6000,20
6001,21
6002,20
6003,19
6004,20
6005,21
6006,20
6007,21
6008,20
6009,21
6010,20
6011,19
6012,20
6013,19
6014,18
6015,19
6016,18
6017,19
6018,18
6019,19
6020,20
6021,21
6022,20
6023,21
6024,20
6025,21
6026,22
6027,21
6028,22
6029,21
6030,22
6031,21
6032,22
6033,23
6034,24
6035,25
6036,26
6037,27
6038,26
6039,27
6040,28
6041,27
6042,26
6043,27
6044,28
6045,27
6046,28
6047,29
6048,30
6049,29
6050,28
6051,29
6052,30
6053,31
6054,32
6055,33
6056,32
6057,31
6058,30
6059,29
6060,30
6061,29
6062,30
6063,31
6064,32
6065,31
6066,32
6067,33
6068,34
6069,35
6070,34
6071,33
6072,32
6073,31
6074,32
6075,31
6076,30
6077,29
6078,30
6079,31
6080,32
6081,33
6082,34
6083,35
6084,34
6085,35
6086,36
6087,35
6088,34
6089,33
6090,34
6091,35
6092,36
6093,37
6094,38
6095,39
6096,38
6097,37
6098,38
6099,37
6100,38
6101,37
6102,36
6103,37
6104,38
6105,37
6106,36
6107,37
6108,38
6109,39
6110,38
6111,37
6112,38
6113,37
6114,38
6115,37
6116,38
6117,39
6118,38
6119,37
6120,38
6121,37
6122,36
6123,37
6124,38
6125,39
6126,40
6127,41
6128,40
6129,41
6130,42
6131,43
6132,42
6133,43
6134,42
6135,43
6136,42
6137,43
6138,44
6139,43
6140,42
6141,41
6142,40
6143,39
6144,40
6145,41
6146,40
6147,41
6148,42
6149,43
6150,42
6151,41
6152,40
6153,39
6154,40
6155,39
6156,40
6157,41
6158,40
6159,39
6160,40
6161,39
6162,40
6163,39
6164,40
6165,39
6166,38
6167,37
6168,38
6169,39
6170,38
6171,39
6172,40
6173,39
6174,40
6175,41
6176,42
6177,41
6178,40
6179,39
6180,40
6181,39
6182,38
6183,37
6184,38
6185,37
6186,36
6187,37
6188,38
6189,37
6190,38
6191,39
6192,40
6193,39
6194,40
6195,39
6196,38
6197,37
6198,36
6199,35
6200,34
6201,35
6202,36
6203,35
6204,36
6205,37
6206,36
6207,37
6208,36
6209,37
6210,38
6211,39
6212,40
6213,41
6214,42
6215,41
6216,42
6217,43
6218,42
6219,43
6220,44
6221,45
6222,44
6223,43
6224,44
6225,45
6226,44
6227,43
6228,42
6229,43
6230,44
6231,43
6232,44
6233,45
6234,46
6235,47
6236,48
6237,47
6238,48
6239,49
6240,48
6241,47
6242,48
6243,49
6244,50
6245,51
6246,52
6247,53
6248,52
6249,51
6250,50
6251,49
6252,50
6253,49
6254,50
6255,49
6256,50
6257,51
6258,52
6259,51
6260,52
6261,51
6262,50
6263,51
6264,50
6265,49
6266,50
6267,49
6268,50
6269,51
6270,52
6271,51
6272,52
6273,51
6274,52
6275,51
6276,50
6277,49
6278,48
6279,47
6280,48
6281,49
6282,50
6283,51
6284,50
6285,49
6286,48
6287,47
6288,46
6289,47
6290,48
6291,47
6292,46
6293,45
6294,46
6295,45
6296,46
6297,47
6298,48
6299,47
6300,48
6301,49
6302,50
6303,49
6304,48
6305,49
6306,50
6307,49
6308,50
6309,49
6310,48
6311,47
6312,48
6313,47
6314,46
6315,47
6316,48
6317,47
6318,48
6319,49
6320,48
6321,49
6322,50
6323,49
6324,50
6325,51
6326,50
6327,51
6328,52
6329,53
6330,54
6331,55
6332,56
6333,57
6334,56
6335,55
6336,54
6337,53
6338,54
6339,55
6340,56
6341,57
6342,58
6343,57
6344,58
6345,57
6346,58
6347,57
6348,58
6349,57
6350,56
6351,57
6352,56
6353,57
6354,56
6355,55
6356,54
6357,55
6358,54
6359,53
6360,52
6361,53
6362,54
6363,55
6364,56
6365,55
6366,54
6367,55
6368,54
6369,53
6370,52
6371,53
6372,52
6373,51
6374,50
6375,49
6376,50
6377,49
6378,48
6379,49
6380,50
6381,51
6382,50
6383,49
6384,48
6385,49
6386,50
6387,51
6388,50
6389,51
6390,50
6391,51
6392,50
6393,51
6394,50
6395,49
6396,50
6397,51
6398,52
6399,53
6400,54
6401,53
6402,54
6403,55
6404,56
6405,55
6406,56
6407,55
6408,54
6409,53
6410,54
6411,53
6412,54
6413,53
6414,52
6415,51
6416,50
6417,49
6418,48
6419,47
6420,48
6421,47
6422,46
6423,45
6424,44
6425,45
6426,46
6427,45
6428,46
6429,47
6430,46
6431,45
6432,46
6433,47
6434,48
6435,49
6436,50
6437,51
6438,50
6439,51
6440,52
6441,51
6442,50
6443,51
6444,52
6445,53
6446,52
6447,53
6448,52
6449,53
6450,52
6451,51
6452,52
6453,51
6454,50
6455,51
6456,50
6457,49
6458,50
6459,49
6460,48
6461,47
6462,48
6463,49
6464,48
6465,47
6466,48
6467,47
6468,46
6469,47
6470,48
6471,47
6472,46
6473,45
6474,46
6475,47
6476,48
6477,47
6478,46
6479,47
6480,48
6481,47
6482,48
6483,49
6484,48
6485,49
6486,48
6487,47
6488,46
6489,45
6490,44
6491,45
6492,44
6493,43
6494,42
6495,41
6496,40
6497,39
6498,38
6499,37
6500,38
6501,37
6502,36
6503,35
6504,36
6505,35
6506,36
6507,37
6508,36
6509,37
6510,38
6511,37
6512,38
6513,37
6514,38
6515,37
6516,38
6517,39
6518,40
6519,41
6520,42
6521,43
6522,44
6523,43
6524,42
6525,43
6526,44
6527,43
6528,44
6529,45
6530,46
6531,45
6532,46
6533,45
6534,44
6535,45
6536,44
6537,43
6538,42
6539,43
6540,42
6541,41
6542,42
6543,41
6544,40
6545,39
6546,40
6547,39
6548,40
6549,39
6550,38
6551,39
6552,40
6553,39
6554,38
6555,37
6556,36
6557,35
6558,34
6559,33
6560,32
6561,33
6562,34
6563,33
6564,32
6565,31
6566,32
6567,33
6568,34
6569,35
6570,34
6571,33
6572,34
6573,33
6574,32
6575,31
6576,30
6577,31
6578,30
6579,31
6580,32
6581,33
6582,34
6583,33
6584,32
6585,31
6586,30
6587,29
6588,30
6589,31
6590,32
6591,31
6592,30
6593,31
6594,30
6595,31
6596,32
6597,33
6598,34
6599,35
6600,34
6601,35
6602,34
6603,33
6604,32
6605,33
6606,34
6607,33
6608,32
6609,33
6610,34
6611,33
6612,32
6613,33
6614,32
6615,33
6616,32
6617,31
6618,32
6619,31
6620,32
6621,33
6622,32
6623,31
6624,32
6625,31
6626,30
6627,31
6628,32
6629,33
6630,34
6631,33
6632,34
6633,35
6634,34
6635,33
6636,34
6637,33
6638,32
6639,31
6640,32
6641,31
6642,30
6643,29
6644,30
6645,29
6646,28
6647,29
6648,30
6649,31
6650,32
6651,33
6652,34
6653,35
6654,36
6655,35
6656,36
6657,35
6658,34
6659,33
6660,34
6661,33
6662,34
6663,33
6664,32
6665,33
6666,32
6667,31
6668,30
6669,29
6670,28
6671,27
6672,28
6673,27
6674,28
6675,29
6676,30
6677,29
6678,28
6679,27
6680,26
6681,25
6682,24
6683,23
6684,24
6685,25
6686,24
6687,23
6688,22
6689,21
6690,22
6691,23
6692,22
6693,23
6694,24
6695,23
6696,24
6697,25
6698,26
6699,27
6700,28
6701,27
6702,28
6703,29
6704,28
6705,27
6706,28
6707,27
6708,26
6709,25
6710,26
6711,25
6712,24
6713,25
6714,24
6715,23
6716,24
6717,25
6718,26
6719,27
6720,28
6721,27
6722,28
6723,27
6724,26
6725,25
6726,24
6727,25
6728,26
6729,25
6730,26
6731,25
6732,26
6733,25
6734,24
6735,23
6736,24
6737,23
6738,24
6739,23
6740,22
6741,21
6742,22
6743,23
6744,24
6745,23
6746,22
6747,23
6748,24
6749,25
6750,24
6751,23
6752,22
6753,23
6754,24
6755,25
6756,26
6757,25
6758,26
6759,25
6760,26
6761,27
6762,26
6763,25
6764,24
6765,23
6766,22
6767,23
6768,24
6769,23
6770,22
6771,21
6772,22
6773,23
6774,22
6775,23
6776,24
6777,23
6778,24
6779,25
6780,24
6781,23
6782,22
6783,21
6784,22
6785,21
6786,22
6787,23
6788,22
6789,23
6790,24
6791,23
6792,24
6793,25
6794,24
6795,23
6796,24
6797,23
6798,24
6799,23
6800,22
6801,23
6802,24
6803,25
6804,26
6805,25
6806,26
6807,27
6808,28
6809,27
6810,26
6811,27
6812,28
6813,29
6814,30
6815,29
6816,28
6817,29
6818,30
6819,29
6820,28
6821,27
6822,26
6823,25
6824,24
6825,25
6826,24
6827,25
6828,26
6829,27
6830,26
6831,25
6832,24
6833,23
6834,24
6835,25
6836,26
6837,25
6838,26
6839,27
6840,26
6841,25
6842,24
6843,23
6844,22
6845,21
6846,22
6847,23
6848,22
6849,21
6850,22
6851,23
6852,24
6853,23
6854,24
6855,25
6856,26
6857,27
6858,26
6859,25
6860,24
6861,23
6862,24
6863,25
6864,24
6865,25
6866,24
6867,25
6868,24
6869,23
6870,22
6871,23
6872,22
6873,21
6874,20
6875,21
6876,20
6877,19
6878,20
6879,21
6880,22
6881,21
6882,22
6883,23
6884,24
6885,23
6886,22
6887,23
6888,24
6889,23
6890,22
6891,21
6892,20
6893,21
6894,20
6895,19
6896,20
6897,19
6898,18
6899,19
6900,20
6901,19
6902,20
6903,19
6904,20
6905,21
6906,20
6907,21
6908,22
6909,21
6910,22
6911,21
6912,20
6913,21
6914,20
6915,21
6916,20
6917,19
6918,18
6919,19
6920,20
6921,21
6922,20
6923,21
6924,22
6925,23
6926,24
6927,25
6928,26
6929,27
6930,28
6931,29
6932,30
6933,29
6934,30
6935,29
6936,30
6937,29
6938,30
6939,31
6940,32
6941,31
6942,30
6943,31
6944,32
6945,33
6946,34
6947,35
6948,36
6949,37
6950,38
6951,37
6952,38
6953,37
6954,38
6955,39
6956,38
6957,39
6958,38
6959,37
6960,36
6961,37
6962,36
6963,35
6964,36
6965,35
6966,36
6967,37
6968,36
6969,37
6970,36
6971,37
6972,36
6973,35
6974,36
6975,35
6976,34
6977,33
6978,34
6979,35
6980,34
6981,33
6982,34
6983,33
6984,32
6985,33
6986,32
6987,33
6988,32
6989,31
6990,30
6991,29
6992,28
6993,29
6994,30
6995,31
6996,32
6997,33
6998,34
6999,33
7000,34
7001,33
7002,32
7003,33
7004,34
7005,33
7006,32
7007,33
7008,34
7009,35
7010,34
7011,33
7012,32
7013,33
7014,32
7015,33
7016,32
7017,31
7018,30
7019,31
7020,32
7021,31
7022,30
7023,29
7024,30
7025,31
7026,32
7027,31
7028,32
7029,33
7030,34
7031,35
7032,34
7033,35
7034,36
7035,37
7036,38
7037,37
7038,36
7039,35
7040,34
7041,35
7042,36
7043,37
7044,36
7045,37
7046,38
7047,39
7048,38
7049,39
7050,38
7051,39
7052,38
7053,37
7054,38
7055,37
7056,36
7057,37
7058,36
7059,35
7060,34
7061,35
7062,36
7063,35
7064,34
7065,35
7066,36
7067,37
7068,36
7069,37
7070,38
7071,37
7072,38
7073,37
7074,36
7075,35
7076,36
7077,37
7078,36
7079,37
7080,36
7081,35
7082,36
7083,37
7084,36
7085,37
7086,36
7087,35
7088,36
7089,37
7090,36
7091,35
7092,36
7093,35
7094,36
7095,35
7096,36
7097,37
7098,38
7099,39
7100,40
7101,39
7102,40
7103,39
7104,40
7105,39
7106,38
7107,39
7108,38
7109,39
7110,40
7111,41
7112,42
7113,43
7114,44
7115,43
7116,42
7117,43
7118,42
7119,41
7120,42
7121,43
7122,42
7123,43
7124,44
7125,45
7126,46
7127,47
7128,46
7129,45
7130,46
7131,45
7132,44
7133,43
7134,42
7135,41
7136,42
7137,43
7138,44
7139,45
7140,44
7141,45
7142,46
7143,47
7144,48
7145,49
7146,50
7147,49
7148,48
7149,47
7150,46
7151,47
7152,48
7153,49
7154,50
7155,49
7156,50
7157,49
7158,50
7159,51
7160,52
7161,53
7162,52
7163,53
7164,52
7165,51
7166,50
7167,49
7168,50
7169,49
7170,50
7171,51
7172,50
7173,51
7174,52
7175,51
7176,50
7177,49
7178,48
7179,47
7180,46
7181,47
7182,48
7183,47
7184,48
7185,47
7186,46
7187,47
7188,48
7189,47
7190,46
7191,45
7192,46
7193,45
7194,44
7195,43
7196,42
7197,43
7198,44
7199,43
7200,42
7201,41
7202,42
7203,41
7204,40
7205,41
7206,40
7207,39
7208,40
7209,41
7210,42
7211,43
7212,42
7213,43
7214,42
7215,41
7216,40
7217,39
7218,40
7219,41
7220,42
7221,43
7222,44
7223,45
7224,46
7225,47
7226,48
7227,47
7228,48
7229,47
7230,48
7231,47
7232,46
7233,47
7234,48
7235,49
7236,48
7237,47
7238,46
7239,45
7240,46
7241,45
7242,44
7243,43
7244,44
7245,43
7246,44
7247,43
7248,44
7249,43
7250,44
7251,43
7252,44
7253,45
7254,46
7255,47
7256,48
7257,49
7258,50
7259,49
7260,48
7261,49
7262,50
7263,51
7264,52
7265,53
7266,52
7267,51
7268,52
7269,51
7270,50
7271,49
7272,48
7273,49
7274,50
7275,51
7276,50
7277,51
7278,50
7279,49
7280,48
7281,49
7282,48
7283,49
7284,50
7285,51
7286,50
7287,49
7288,50
7289,51
7290,50
7291,49
7292,50
7293,51
7294,50
7295,49
7296,50
7297,49
7298,50
7299,49
7300,50
7301,51
7302,52
7303,51
7304,50
7305,49
7306,48
7307,47
7308,48
7309,49
7310,50
7311,51
7312,50
7313,51
7314,50
7315,49
7316,48
7317,47
7318,46
7319,45
7320,46
7321,47
7322,48
7323,49
7324,48
7325,47
7326,48
7327,49
7328,50
7329,49
7330,50
7331,49
7332,50
7333,51
7334,52
7335,51
7336,50
7337,49
7338,48
7339,47
7340,46
7341,47
7342,46
7343,45
7344,46
7345,45
7346,46
7347,47
7348,46
7349,47
7350,46
7351,47
7352,48
7353,47
7354,46
7355,47
7356,46
7357,47
7358,48
7359,49
7360,50
7361,51
7362,50
7363,49
7364,48
7365,49
7366,48
7367,47
7368,48
7369,49
7370,48
7371,47
7372,46
7373,45
7374,44
7375,43
7376,42
7377,41
7378,40
7379,41
7380,42
7381,41
7382,42
7383,41
7384,40
7385,39
7386,38
7387,39
7388,40
7389,41
7390,40
7391,41
7392,40
7393,41
7394,40
7395,41
7396,40
7397,39
7398,40
7399,39
7400,40
7401,39
7402,40
7403,41
7404,42
7405,43
7406,44
7407,45
7408,46
7409,45
7410,44
7411,45
7412,46
7413,47
7414,48
7415,49
7416,48
7417,47
7418,46
7419,47
7420,46
7421,47
7422,48
7423,49
7424,50
7425,49
7426,48
7427,49
7428,50
7429,51
7430,50
7431,49
7432,50
7433,51
7434,52
7435,53
7436,52
7437,53
7438,54
7439,53
7440,54
7441,53
7442,52
7443,51
7444,50
7445,49
7446,50
7447,49
7448,50
7449,51
7450,50
7451,51
7452,52
7453,51
7454,52
7455,51
7456,50
7457,49
7458,48
7459,47
7460,46
7461,47
7462,48
7463,47
7464,48
7465,49
7466,48
7467,47
7468,46
7469,45
7470,44
7471,45
7472,44
7473,43
7474,44
7475,43
7476,44
7477,45
7478,44
7479,43
7480,42
7481,41
7482,42
7483,41
7484,40
7485,39
7486,40
7487,39
7488,38
7489,39
7490,40
7491,39
7492,38
7493,37
7494,38
7495,37
7496,36
7497,35
7498,34
7499,35
7500,36
7501,35
7502,34
7503,35
7504,34
7505,35
7506,34
7507,35
7508,36
7509,37
7510,38
7511,39
7512,40
7513,39
7514,38
7515,39
7516,40
7517,39
7518,38
7519,39
7520,40
7521,39
7522,38
7523,39
7524,38
7525,37
7526,38
7527,37
7528,38
7529,37
7530,38
7531,39
7532,38
7533,39
7534,40
7535,39
7536,40
7537,41
7538,42
7539,41
7540,42
7541,43
7542,44
7543,43
7544,44
7545,43
7546,44
7547,45
7548,46
7549,47
7550,46
7551,45
7552,46
7553,47
7554,48
7555,49
7556,48
7557,47
7558,46
7559,47
7560,46
7561,47
7562,46
7563,47
7564,48
7565,49
7566,48
7567,47
7568,48
7569,49
7570,48
7571,49
7572,48
7573,49
7574,48
7575,47
7576,46
7577,45
7578,44
7579,43
7580,44
7581,43
7582,44
7583,43
7584,42
7585,43
7586,42
7587,41
7588,40
7589,39
7590,38
7591,37
7592,36
7593,35
7594,34
7595,33
7596,32
7597,31
7598,30
7599,31
7600,30
7601,29
7602,28
7603,27
7604,28
7605,29
7606,30
7607,29
7608,28
7609,27
7610,28
7611,27
7612,26
7613,27
7614,26
7615,25
7616,26
7617,27
7618,26
7619,27
7620,28
7621,27
7622,28
7623,27
7624,26
7625,27
7626,26
7627,25
7628,24
7629,25
7630,24
7631,23
7632,24
7633,25
7634,24
7635,23
7636,22
7637,23
7638,24
7639,25
7640,24
7641,23
7642,22
7643,21
7644,20
7645,21
7646,20
7647,21
7648,22
7649,23
7650,24
7651,23
7652,24
7653,23
7654,22
7655,21
7656,20
7657,21
7658,22
7659,23
7660,24
7661,25
7662,26
7663,25
7664,24
7665,23
7666,24
7667,23
7668,24
7669,25
7670,24
7671,23
7672,22
7673,21
7674,22
7675,21
7676,22
7677,21
7678,20
7679,19
7680,20
7681,21
7682,22
7683,21
7684,22
7685,21
7686,22
7687,21
7688,20
7689,19
7690,20
7691,19
7692,20
7693,19
7694,20
7695,21
7696,20
7697,21
7698,22
7699,21
7700,20
7701,21
7702,20
7703,19
7704,20
7705,21
7706,20
7707,21
7708,20
7709,21
7710,20
7711,21
7712,22
7713,21
7714,22
7715,21
7716,20
7717,21
7718,20
7719,19
7720,20
7721,19
7722,20
7723,21
7724,20
7725,19
7726,18
7727,17
7728,18
7729,17
7730,18
7731,19
7732,20
7733,19
7734,18
7735,19
7736,18
7737,19
7738,18
7739,17
7740,16
7741,17
7742,18
7743,19
7744,18
7745,17
7746,16
7747,17
7748,16
7749,15
7750,14
7751,15
7752,16
7753,17
7754,18
7755,17
7756,16
7757,15
7758,16
7759,15
7760,14
7761,13
7762,12
7763,13
7764,12
7765,11
7766,12
7767,13
7768,14
7769,13
7770,14
7771,13
7772,14
7773,13
7774,12
7775,11
7776,10
7777,9
7778,10
7779,9
7780,8
7781,9
7782,8
7783,9
7784,10
7785,9
7786,10
7787,11
7788,12
7789,13
7790,12
7791,11
7792,10
7793,9
7794,8
7795,9
7796,8
7797,9
7798,8
7799,9
7800,8
7801,9
7802,8
7803,9
7804,10
7805,11
7806,12
7807,13
7808,14
7809,15
7810,14
7811,15
7812,14
7813,15
7814,14
7815,13
7816,14
7817,15
7818,16
7819,17
7820,16
7821,15
7822,16
7823,17
7824,16
7825,15
7826,14
7827,15
7828,14
7829,15
7830,14
7831,13
7832,14
7833,13
7834,14
7835,15
7836,14
7837,13
7838,14
7839,15
7840,16
7841,17
7842,18
7843,17
7844,18
7845,17
7846,16
7847,17
7848,16
7849,15
7850,16
7851,17
7852,18
7853,17
7854,18
7855,17
7856,18
7857,17
7858,16
7859,17
7860,16
7861,15
7862,16
7863,15
7864,16
7865,17
7866,18
7867,19
7868,20
7869,21
7870,22
7871,23
7872,24
7873,25
7874,26
7875,27
7876,26
7877,27
7878,26
7879,27
7880,26
7881,27
7882,28
7883,29
7884,28
7885,29
7886,30
7887,31
7888,32
7889,31
7890,30
7891,31
7892,32
7893,33
7894,34
7895,35
7896,36
7897,35
7898,34
7899,33
7900,32
7901,33
7902,32
7903,33
7904,32
7905,31
7906,30
7907,29
7908,28
7909,27
7910,26
7911,25
7912,24
7913,25
7914,26
7915,27
7916,28
7917,29
7918,28
7919,27
7920,26
7921,27
7922,28
7923,29
7924,28
7925,27
7926,26
7927,27
7928,26
7929,27
7930,26
7931,25
7932,24
7933,23
7934,22
7935,23
7936,24
7937,25
7938,26
7939,27
7940,26
7941,25
7942,26
7943,27
7944,26
7945,25
7946,26
7947,25
7948,24
7949,25
7950,24
7951,25
7952,24
7953,25
7954,24
7955,25
7956,26
7957,25
7958,24
7959,23
7960,22
7961,23
7962,24
7963,25
7964,26
7965,27
7966,26
7967,27
7968,28
7969,29
7970,30
7971,29
7972,30
7973,29
7974,30
7975,31
7976,30
7977,31
7978,32
7979,33
7980,34
7981,35
7982,34
7983,33
7984,32
7985,31
7986,30
7987,29
7988,30
7989,29
7990,28
7991,29
7992,30
7993,31
7994,30
7995,29
7996,30
7997,31
7998,32
7999,33
8000,34
8001,35
8002,36
8003,37
8004,38
8005,39
8006,38
8007,37
8008,36
8009,37
8010,38
8011,39
8012,38
8013,39
8014,40
8015,41
8016,42
8017,43
8018,42
8019,43
8020,44
8021,43
8022,42
8023,43
8024,42
8025,43
8026,44
8027,43
8028,44
8029,43
8030,42
8031,41
8032,40
8033,39
8034,38
8035,37
8036,36
8037,37
8038,38
8039,37
8040,38
8041,39
8042,40
8043,39
8044,38
8045,39
8046,40
8047,39
8048,38
8049,39
8050,40
8051,39
8052,38
8053,37
8054,38
8055,37
8056,36
8057,37
8058,38
8059,37
8060,38
8061,37
8062,36
8063,35
8064,36
8065,35
8066,36
8067,37
8068,38
8069,37
8070,38
8071,37
8072,36
8073,37
8074,38
8075,39
8076,38
8077,39
8078,38
8079,39
8080,38
8081,39
8082,40
8083,41
8084,42
8085,41
8086,42
8087,43
8088,44
8089,45
8090,46
8091,47
8092,48
8093,47
8094,48
8095,49
8096,48
8097,47
8098,48
8099,49
8100,50
8101,51
8102,50
8103,49
8104,48
8105,47
8106,48
8107,47
8108,48
8109,47
8110,46
8111,45
8112,44
8113,43
8114,44
8115,43
8116,42
8117,43
8118,42
8119,41
8120,42
8121,41
8122,40
8123,41
8124,42
8125,43
8126,42
8127,43
8128,42
8129,41
8130,42
8131,41
8132,42
8133,43
8134,44
8135,45
8136,44
8137,45
8138,44
8139,43
8140,44
8141,43
8142,42
8143,41
8144,40
8145,39
8146,38
8147,37
8148,36
8149,35
8150,34
8151,35
8152,36
8153,35
8154,34
8155,33
8156,32
8157,33
8158,34
8159,33
8160,32
8161,33
8162,32
8163,31
8164,32
8165,31
8166,32
8167,31
8168,32
8169,33
8170,32
8171,33
8172,32
8173,33
8174,32
8175,31
8176,30
8177,29
8178,30
8179,29
8180,30
8181,29
8182,28
8183,27
8184,26
8185,27
8186,26
8187,25
8188,26
8189,25
8190,26
8191,27
8192,28
8193,27
8194,26
8195,27
8196,26
8197,25
8198,24
8199,25
8200,26
8201,27
8202,26
8203,25
8204,24
8205,25
8206,26
8207,25
8208,24
8209,25
8210,24
8211,25
8212,26
8213,25
8214,24
8215,25
8216,24
8217,25
8218,26
8219,25
8220,24
8221,25
8222,26
8223,27
8224,28
8225,27
8226,26
8227,25
8228,24
8229,23
8230,22
8231,21
8232,22
8233,23
8234,22
8235,21
8236,22
8237,21
8238,20
8239,19
8240,18
8241,17
8242,18
8243,17
8244,18
8245,17
8246,16
8247,15
8248,16
8249,17
8250,18
8251,17
8252,18
8253,19
8254,18
8255,17
8256,16
8257,17
8258,16
8259,15
8260,16
8261,15
8262,16
8263,15
8264,14
8265,15
8266,16
8267,15
8268,16
8269,15
8270,14
8271,15
8272,16
8273,15
8274,14
8275,15
8276,14
8277,13
8278,12
8279,13
8280,14
8281,15
8282,16
8283,15
8284,14
8285,13
8286,12
8287,13
8288,14
8289,15
8290,14
8291,15
8292,14
8293,15
8294,14
8295,15
8296,14
8297,15
8298,14
8299,15
8300,14
8301,15
8302,16
8303,17
8304,16
8305,17
8306,18
8307,19
8308,18
8309,17
8310,16
8311,17
8312,18
8313,19
8314,20
8315,19
8316,20
8317,21
8318,22
8319,23
8320,22
8321,23
8322,24
8323,23
8324,22
8325,23
8326,22
8327,23
8328,24
8329,25
8330,24
8331,23
8332,22
8333,23
8334,22
8335,21
8336,20
8337,21
8338,20
8339,21
8340,20
8341,21
8342,20
8343,19
8344,20
8345,21
8346,20
8347,19
8348,20
8349,19
8350,18
8351,19
8352,18
8353,19
8354,20
8355,21
8356,20
8357,21
8358,20
8359,21
8360,22
8361,23
8362,24
8363,25
8364,26
8365,27
8366,26
8367,25
8368,26
8369,25
8370,26
8371,27
8372,28
8373,27
8374,26
8375,27
8376,26
8377,25
8378,26
8379,27
8380,26
8381,27
8382,28
8383,27
8384,26
8385,25
8386,26
8387,27
8388,26
8389,27
8390,26
8391,25
8392,26
8393,25
8394,24
8395,23
8396,22
8397,21
8398,20
8399,21
8400,22
8401,21
8402,22
8403,23
8404,24
8405,23
8406,24
8407,23
8408,24
8409,23
8410,22
8411,23
8412,24
8413,25
8414,26
8415,27
8416,28
8417,27
8418,28
8419,29
8420,30
8421,31
8422,30
8423,31
8424,30
8425,29
8426,30
8427,31
8428,30
8429,29
8430,30
8431,31
8432,32
8433,33
8434,34
8435,35
8436,34
8437,33
8438,34
8439,33
8440,32
8441,33
8442,34
8443,35
8444,36
8445,35
8446,36
8447,35
8448,34
8449,35
8450,36
8451,37
8452,38
8453,39
8454,40
8455,39
8456,38
8457,39
8458,38
8459,39
8460,40
8461,39
8462,40
8463,41
8464,42
8465,43
8466,42
8467,41
8468,40
8469,41
8470,40
8471,39
8472,40
8473,39
8474,40
8475,39
8476,40
8477,41
8478,42
8479,41
8480,42
8481,43
8482,44
8483,43
8484,42
8485,43
8486,42
8487,43
8488,42
8489,41
8490,40
8491,39
8492,40
8493,41
8494,40
8495,39
8496,40
8497,39
8498,40
8499,39
8500,40
8501,39
8502,40
8503,39
8504,40
8505,41
8506,40
8507,39
8508,38
8509,39
8510,38
8511,39
8512,40
8513,39
8514,38
8515,37
8516,36
8517,35
8518,34
8519,35
8520,36
8521,37
8522,36
8523,35
8524,36
8525,35
8526,34
8527,33
8528,32
8529,31
8530,30
8531,31
8532,30
8533,29
8534,30
8535,29
8536,30
8537,29
8538,28
8539,29
8540,28
8541,27
8542,26
8543,25
8544,26
8545,27
8546,28
8547,27
8548,26
8549,25
8550,26
8551,27
8552,26
8553,25
8554,24
8555,23
8556,24
8557,23
8558,24
8559,25
8560,24
8561,25
8562,24
8563,25
8564,24
8565,25
8566,26
8567,25
8568,24
8569,25
8570,24
8571,23
8572,22
8573,21
8574,20
8575,21
8576,22
8577,23
8578,22
8579,23
8580,24
8581,25
8582,26
8583,27
8584,26
8585,27
8586,26
8587,25
8588,24
8589,25
8590,26
8591,27
8592,28
8593,27
8594,26
8595,25
8596,26
8597,25
8598,26
8599,27
8600,28
8601,27
8602,26
8603,27
8604,28
8605,27
8606,26
8607,27
8608,28
8609,27
8610,26
8611,27
8612,26
8613,27
8614,26
8615,25
8616,24
8617,23
8618,22
8619,23
8620,24
8621,23
8622,24
8623,25
8624,24
8625,25
8626,26
8627,25
8628,26
8629,25
8630,24
8631,23
8632,22
8633,23
8634,22
8635,23
8636,22
8637,21
8638,20
8639,19
8640,20
8641,19
8642,18
8643,17
8644,16
8645,17
8646,16
8647,17
8648,16
8649,15
8650,14
8651,15
8652,14
8653,15
8654,14
8655,13
8656,14
8657,15
8658,14
8659,13
8660,14
8661,15
8662,16
8663,17
8664,16
8665,17
8666,16
8667,17
8668,16
8669,17
8670,16
8671,15
8672,16
8673,15
8674,16
8675,17
8676,18
8677,19
8678,20
8679,19
8680,18
8681,17
8682,16
8683,17
8684,18
8685,19
8686,20
8687,21
8688,20
8689,21
8690,20
8691,19
8692,20
8693,21
8694,20
8695,21
8696,20
8697,21
8698,20
8699,19
8700,20
8701,19
8702,18
8703,17
8704,18
8705,17
8706,16
8707,15
8708,16
8709,15
8710,14
8711,15
8712,14
8713,13
8714,12
8715,13
8716,12
8717,11
8718,12
8719,13
8720,14
8721,13
8722,12
8723,13
8724,12
8725,11
8726,12
8727,11
8728,10
8729,11
8730,12
8731,11
8732,10
8733,9
8734,10
8735,9
8736,8
8737,9
8738,8
8739,9
8740,8
8741,9
8742,8
8743,9
8744,8
8745,7
8746,6
8747,5
8748,6
8749,7
8750,8
8751,9
8752,10
8753,11
8754,10
8755,9
8756,10
8757,9
8758,10
8759,9
8760,10
8761,11
8762,10
8763,9
8764,10
8765,11
8766,12
8767,13
8768,12
8769,13
8770,12
8771,13
8772,14
8773,13
8774,14
8775,13
8776,12
8777,13
8778,12
8779,11
8780,10
8781,9
8782,10
8783,9
8784,10
8785,9
8786,10
8787,11
8788,10
8789,11
8790,12
8791,13
8792,14
8793,15
8794,14
8795,15
8796,14
8797,15
8798,14
8799,15
8800,14
8801,15
8802,16
8803,15
8804,16
8805,15
8806,16
8807,15
8808,14
8809,15
8810,14
8811,15
8812,14
8813,15
8814,16
8815,15
8816,14
8817,13
8818,14
8819,15
8820,16
8821,17
8822,16
8823,15
8824,14
8825,13
8826,14
8827,15
8828,16
8829,15
8830,16
8831,17
8832,18
8833,19
8834,20
8835,19
8836,20
8837,21
8838,20
8839,21
8840,20
8841,21
8842,22
8843,21
8844,22
8845,21
8846,20
8847,19
8848,18
8849,19
8850,18
8851,19
8852,20
8853,21
8854,22
8855,23
8856,22
8857,21
8858,20
8859,21
8860,20
8861,19
8862,18
8863,19
8864,20
8865,21
8866,22
8867,23
8868,22
8869,23
8870,22
8871,21
8872,22
8873,21
8874,22
8875,23
8876,22
8877,21
8878,22
8879,21
8880,20
8881,21
8882,22
8883,21
8884,20
8885,19
8886,20
8887,19
8888,20
8889,19
8890,18
8891,19
8892,18
8893,19
8894,20
8895,21
8896,22
8897,23
8898,24
8899,23
8900,22
8901,23
8902,24
8903,23
8904,24
8905,23
8906,24
8907,25
8908,26
8909,27
8910,28
8911,27
8912,26
8913,27
8914,26
8915,27
8916,26
8917,27
8918,26
8919,25
8920,24
8921,25
8922,24
8923,23
8924,22
8925,23
8926,22
8927,21
8928,22
8929,23
8930,22
8931,21
8932,20
8933,21
8934,22
8935,23
8936,24
8937,23
8938,22
8939,21
8940,22
8941,21
8942,20
8943,19
8944,18
8945,19
8946,20
8947,21
8948,22
8949,21
8950,20
8951,19
8952,18
8953,17
8954,18
8955,19
8956,20
8957,21
8958,22
8959,21
8960,22
8961,21
8962,20
8963,19
8964,20
8965,19
8966,20
8967,21
8968,22
8969,21
8970,20
8971,19
8972,20
8973,21
8974,22
8975,23
8976,22
8977,21
8978,22
8979,21
8980,22
8981,21
8982,20
8983,19
8984,18
8985,19
8986,20
8987,19
8988,18
8989,17
8990,18
8991,19
8992,18
8993,17
8994,16
8995,17
8996,18
8997,17
8998,16
8999,17
9000,18
9001,19
9002,20
9003,21
9004,20
9005,19
9006,20
9007,19
9008,20
9009,19
9010,18
9011,19
9012,18
9013,17
9014,16
9015,17
9016,16
9017,17
9018,16
9019,15
9020,16
9021,17
9022,18
9023,17
9024,18
9025,19
9026,18
9027,17
9028,18
9029,17
9030,16
9031,15
9032,14
9033,13
9034,12
9035,13
9036,14
9037,13
9038,12
9039,13
9040,14
9041,13
9042,14
9043,15
9044,16
9045,17
9046,16
9047,17
9048,18
9049,19
9050,18
9051,19
9052,20
9053,21
9054,20
9055,19
9056,18
9057,17
9058,16
9059,15
9060,16
9061,15
9062,16
9063,15
9064,16
9065,17
9066,18
9067,17
9068,16
9069,17
9070,18
9071,19
9072,18
9073,17
9074,16
9075,15
9076,16
9077,15
9078,14
9079,15
9080,14
9081,15
9082,14
9083,13
9084,12
9085,11
9086,12
9087,13
9088,14
9089,15
9090,16
9091,17
9092,16
9093,15
9094,14
9095,15
9096,14
9097,15
9098,16
9099,15
9100,16
9101,17
9102,16
9103,17
9104,16
9105,15
9106,14
9107,13
9108,14
9109,13
9110,14
9111,15
9112,16
9113,17
9114,18
9115,17
9116,18
9117,19
9118,18
9119,19
9120,20
9121,19
9122,18
9123,19
9124,20
9125,21
9126,20
9127,21
9128,22
9129,21
9130,22
9131,21
9132,22
9133,23
9134,24
9135,23
9136,24
9137,23
9138,22
9139,21
9140,20
9141,19
9142,18
9143,19
9144,20
9145,21
9146,22
9147,23
9148,24
9149,23
9150,24
9151,25
9152,26
9153,25
9154,24
9155,23
9156,24
9157,23
9158,24
9159,23
9160,22
9161,21
9162,22
9163,23
9164,24
9165,25
9166,26
9167,27
9168,28
9169,29
9170,28
9171,29
9172,30
9173,31
9174,32
9175,31
9176,32
9177,31
9178,32
9179,33
9180,34
9181,35
9182,34
9183,33
9184,34
9185,33
9186,34
9187,33
9188,32
9189,33
9190,34
9191,35
9192,36
9193,37
9194,38
9195,37
9196,36
9197,37
9198,38
9199,39
9200,38
9201,39
9202,40
9203,41
9204,42
9205,43
9206,42
9207,41
9208,40
9209,39
9210,40
9211,39
9212,38
9213,37
9214,36
9215,35
9216,34
9217,33
9218,32
9219,31
9220,30
9221,31
9222,30
9223,29
9224,28
9225,29
9226,28
9227,29
9228,28
9229,29
9230,28
9231,27
9232,28
9233,29
9234,28
9235,29
9236,28
9237,29
9238,28
9239,29
9240,30
9241,31
9242,32
9243,33
9244,32
9245,33
9246,32
9247,33
9248,32
9249,33
9250,32
9251,31
9252,32
9253,31
9254,30
9255,31
9256,30
9257,29
9258,28
9259,27
9260,26
9261,25
9262,24
9263,25
9264,26
9265,27
9266,28
9267,27
9268,28
9269,29
9270,28
9271,27
9272,28
9273,29
9274,30
9275,31
9276,30
9277,31
9278,30
9279,29
9280,30
9281,29
9282,30
9283,29
9284,28
9285,29
9286,30
9287,29
9288,28
9289,29
9290,28
9291,27
9292,26
9293,27
9294,28
9295,27
9296,26
9297,25
9298,24
9299,25
9300,26
9301,27
9302,26
9303,27
9304,26
9305,27
9306,28
9307,29
9308,28
9309,27
9310,26
9311,27
9312,26
9313,27
9314,28
9315,29
9316,30
9317,31
9318,32
9319,33
9320,32
9321,31
9322,32
9323,31
9324,30
9325,29
9326,28
9327,29
9328,30
9329,31
9330,32
9331,33
9332,34
9333,35
9334,34
9335,33
9336,34
9337,35
9338,34
9339,35
9340,36
9341,35
9342,36
9343,37
9344,38
9345,39
9346,38
9347,37
9348,38
9349,39
9350,38
9351,39
9352,38
9353,39
9354,40
9355,41
9356,40
9357,39
9358,38
9359,37
9360,36
9361,35
9362,36
9363,37
9364,38
9365,39
9366,38
9367,39
9368,38
9369,37
9370,38
9371,37
9372,36
9373,35
9374,36
9375,37
9376,38
9377,39
9378,38
9379,37
9380,38
9381,39
9382,38
9383,39
9384,38
9385,39
9386,40
9387,41
9388,42
9389,41
9390,40
9391,39
9392,38
9393,39
9394,40
9395,41
9396,42
9397,43
9398,44
9399,45
9400,46
9401,47
9402,46
9403,47
9404,46
9405,47
9406,46
9407,47
9408,46
9409,45
9410,44
9411,43
9412,42
9413,43
9414,44
9415,45
9416,46
9417,47
9418,46
9419,47
9420,46
9421,47
9422,46
9423,47
9424,46
9425,47
9426,48
9427,47
9428,48
9429,47
9430,48
9431,47
9432,46
9433,45
9434,46
9435,45
9436,44
9437,43
9438,42
9439,43
9440,44
9441,45
9442,46
9443,45
9444,44
9445,45
9446,46
9447,47
9448,48
9449,49
9450,48
9451,49
9452,50
9453,49
9454,50
9455,49
9456,50
9457,51
9458,50
9459,51
9460,52
9461,53
9462,52
9463,53
9464,52
9465,53
9466,54
9467,55
9468,54
9469,53
9470,54
9471,55
9472,54
9473,53
9474,52
9475,53
9476,52
9477,53
9478,54
9479,53
9480,52
9481,51
9482,52
9483,53
9484,52
9485,53
9486,54
9487,53
9488,52
9489,51
9490,52
9491,53
9492,54
9493,55
9494,56
9495,55
9496,54
9497,55
9498,56
9499,57
9500,56
9501,57
9502,56
9503,57
9504,58
9505,59
9506,60
9507,61
9508,60
9509,61
9510,62
9511,63
9512,64
9513,65
9514,66
9515,67
9516,68
9517,69
9518,68
9519,69
9520,70
9521,69
9522,68
9523,67
9524,66
9525,65
9526,64
9527,65
9528,66
9529,65
9530,66
9531,67
9532,66
9533,65
9534,66
9535,65
9536,66
9537,65
9538,64
9539,65
9540,66
9541,65
9542,64
9543,63
9544,64
9545,63
9546,62
9547,63
9548,64
9549,63
9550,62
9551,63
9552,62
9553,61
9554,60
9555,61
9556,60
9557,59
9558,60
9559,59
9560,58
9561,59
9562,58
9563,57
9564,58
9565,59
9566,60
9567,59
9568,60
9569,59
9570,60
9571,61
9572,60
9573,61
9574,60
9575,61
9576,62
9577,61
9578,60
9579,59
9580,60
9581,61
9582,62
9583,63
9584,62
9585,63
9586,64
9587,65
9588,66
9589,67
9590,68
9591,67
9592,68
9593,69
9594,68
9595,69
9596,68
9597,67
9598,68
9599,69
9600,70
9601,69
9602,70
9603,71
9604,72
9605,71
9606,72
9607,73
9608,72
9609,73
9610,72
9611,71
9612,70
9613,71
9614,70
9615,71
9616,70
9617,69
9618,68
9619,67
9620,68
9621,69
9622,68
9623,67
9624,68
9625,67
9626,66
9627,65
9628,66
9629,65
9630,66
9631,67
9632,68
9633,69
9634,70
9635,69
9636,68
9637,67
9638,68
9639,69
9640,68
9641,67
9642,68
9643,67
9644,66
9645,65
9646,64
9647,65
9648,64
9649,63
9650,64
9651,63
9652,62
9653,61
9654,62
9655,61
9656,60
9657,61
9658,62
9659,63
9660,62
9661,61
9662,62
9663,61
9664,62
9665,63
9666,62
9667,63
9668,62
9669,61
9670,60
9671,61
9672,62
9673,63
9674,62
9675,63
9676,64
9677,65
9678,64
9679,63
9680,64
9681,63
9682,62
9683,63
9684,62
9685,63
9686,64
9687,65
9688,64
9689,65
9690,64
9691,65
9692,66
9693,67
9694,68
9695,67
9696,66
9697,65
9698,66
9699,67
9700,68
9701,67
9702,68
9703,67
9704,66
9705,65
9706,66
9707,65
9708,64
9709,63
9710,62
9711,61
9712,60
9713,61
9714,60
9715,61
9716,62
9717,63
9718,64
9719,65
9720,66
9721,67
9722,66
9723,67
9724,68
9725,67
9726,68
9727,69
9728,70
9729,69
9730,70
9731,71
9732,72
9733,73
9734,72
9735,71
9736,72
9737,73
9738,74
9739,75
9740,76
9741,75
9742,76
9743,77
9744,78
9745,79
9746,78
9747,77
9748,78
9749,79
9750,78
9751,79
9752,78
9753,77
9754,78
9755,79
9756,80
9757,81
9758,80
9759,81
9760,82
9761,81
9762,80
9763,81
9764,82
9765,83
9766,82
9767,81
9768,80
9769,81
9770,80
9771,81
9772,80
9773,81
9774,80
9775,79
9776,80
9777,79
9778,80
9779,79
9780,78
9781,77
9782,78
9783,79
9784,80
9785,79
9786,80
9787,79
9788,78
9789,79
9790,80
9791,81
9792,80
9793,81
9794,82
9795,81
9796,82
9797,81
9798,82
9799,81
9800,82
9801,81
9802,80
9803,79
9804,80
9805,81
9806,82
9807,81
9808,80
9809,81
9810,82
9811,83
9812,84
9813,83
9814,82
9815,83
9816,84
9817,83
9818,84
9819,83
9820,82
9821,83
9822,84
9823,85
9824,86
9825,85
9826,84
9827,85
9828,84
9829,83
9830,82
9831,81
9832,80
9833,81
9834,82
9835,81
9836,80
9837,81
9838,82
9839,83
9840,84
9841,83
9842,82
9843,81
9844,82
9845,81
9846,82
9847,81
9848,80
9849,79
9850,78
9851,77
9852,78
9853,79
9854,78
9855,79
9856,80
9857,81
9858,82
9859,83
9860,82
9861,81
9862,82
9863,83
9864,82
9865,81
9866,82
9867,81
9868,82
9869,83
9870,84
9871,83
9872,82
9873,81
9874,80
9875,81
9876,80
9877,81
9878,82
9879,81
9880,82
9881,83
9882,84
9883,85
9884,86
9885,85
9886,86
9887,85
9888,86
9889,85
9890,86
9891,87
9892,88
9893,87
9894,88
9895,87
9896,86
9897,85
9898,86
9899,85
9900,86
9901,85
9902,84
9903,85
9904,86
9905,87
9906,88
9907,87
9908,86
9909,87
9910,88
9911,87
9912,86
9913,87
9914,88
9915,87
9916,88
9917,89
9918,88
9919,89
9920,90
9921,91
9922,90
9923,89
9924,90
9925,91
9926,92
9927,91
9928,90
9929,91
9930,90
9931,89
9932,88
9933,87
9934,88
9935,87
9936,86
9937,85
9938,86
9939,85
9940,84
9941,83
9942,82
9943,81
9944,80
9945,79
9946,78
9947,79
9948,78
9949,77
9950,76
9951,75
9952,76
9953,75
9954,76
9955,75
9956,74
9957,73
9958,72
9959,71
9960,70
9961,71
9962,70
9963,71
9964,70
9965,71
9966,70
9967,71
9968,70
9969,69
9970,68
9971,67
9972,68
9973,69
9974,68
9975,67
9976,66
9977,65
9978,64
9979,65
9980,64
9981,65
9982,64
9983,63
9984,64
9985,65
9986,66
9987,65
9988,66
9989,65
9990,66
9991,67
9992,68
9993,69
9994,68
9995,67
9996,68
9997,69
9998,70
9999,69
10000,68
10001,69
10002,68
10003,67
10004,68
10005,67
10006,68
10007,67
10008,66
10009,67
10010,66
10011,65
10012,64
10013,65
10014,66
10015,65
10016,66
10017,67
10018,68
10019,67
10020,66
10021,67
10022,68
10023,67
10024,66
10025,67
10026,68
10027,69
10028,70
10029,69
10030,70
10031,69
10032,68
10033,67
10034,66
10035,67
10036,66
10037,67
10038,66
10039,65
10040,64
10041,65
10042,64
10043,65
10044,64
10045,63
10046,62
10047,63
10048,64
10049,63
10050,64
10051,63
10052,64
10053,65
10054,64
10055,63
10056,62
10057,61
10058,60
10059,59
10060,58
10061,57
10062,56
10063,57
10064,58
10065,59
10066,58
10067,59
10068,60
10069,61
10070,62
10071,61
10072,60
10073,61
10074,60
10075,61
10076,62
10077,61
10078,60
10079,59
10080,58
10081,57
10082,58
10083,57
10084,56
10085,55
10086,56
10087,55
10088,54
10089,55
10090,56
10091,57
10092,58
10093,57
10094,56
10095,57
10096,58
10097,59
10098,58
10099,59
10100,60
10101,61
10102,60
10103,61
10104,60
10105,59
10106,60
10107,59
10108,58
10109,59
10110,60
10111,61
10112,62
10113,61
10114,60
10115,59
10116,58
10117,59
10118,58
10119,57
10120,58
10121,59
10122,58
10123,59
10124,58
10125,59
10126,60
10127,61
10128,62
10129,63
10130,64
10131,65
10132,64
10133,63
10134,64
10135,63
10136,64
10137,63
10138,62
10139,63
10140,64
10141,65
10142,64
10143,63
10144,62
10145,63
10146,64
10147,65
10148,66
10149,67
10150,68
10151,69
10152,70
10153,71
10154,72
10155,73
10156,74
10157,75
10158,76
10159,75
10160,74
10161,73
10162,72
10163,73
10164,72
10165,73
10166,72
10167,71
10168,72
10169,73
10170,72
10171,71
10172,70
10173,69
10174,68
10175,67
10176,66
10177,65
10178,66
10179,65
10180,66
10181,67
10182,66
10183,67
10184,66
10185,67
10186,68
10187,69
10188,68
10189,67
10190,68
10191,67
10192,68
10193,67
10194,66
10195,65
10196,66
10197,65
10198,64
10199,63
10200,62
10201,61
10202,62
10203,61
10204,62
10205,61
10206,60
10207,59
10208,60
10209,61
10210,60
10211,61
10212,60
10213,61
10214,62
10215,63
10216,64
10217,65
10218,66
10219,65
10220,64
10221,65
10222,64
10223,65
10224,64
10225,65
10226,64
10227,63
10228,62
10229,63
10230,62
10231,63
10232,64
10233,65
10234,64
10235,65
10236,66
10237,65
10238,66
10239,67
10240,66
10241,67
10242,66
10243,67
10244,66
10245,65
10246,64
10247,63
10248,64
10249,65
10250,64
10251,63
10252,64
10253,63
10254,62
10255,61
10256,60
10257,61
10258,62
10259,63
10260,64
10261,65
10262,64
10263,63
10264,64
10265,63
10266,64
10267,63
10268,64
10269,63
10270,62
10271,63
10272,62
10273,63
10274,64
10275,63
10276,62
10277,61
10278,62
10279,63
10280,64
10281,65
10282,66
10283,65
10284,64
10285,63
10286,64
10287,63
10288,64
10289,65
10290,66
10291,67
10292,68
10293,67
10294,66
10295,65
10296,64
10297,65
10298,66
10299,67
10300,68
10301,69
10302,68
10303,67
10304,66
10305,65
10306,64
10307,63
10308,62
10309,61
10310,60
10311,59
10312,58
10313,59
10314,58
10315,57
10316,58
10317,59
10318,60
10319,61
10320,62
10321,63
10322,64
10323,65
10324,66
10325,67
10326,66
10327,67
10328,68
10329,69
10330,68
10331,69
10332,70
10333,69
10334,68
10335,67
10336,68
10337,69
10338,68
10339,67
10340,68
10341,67
10342,66
10343,67
10344,66
10345,67
10346,66
10347,67
10348,66
10349,67
10350,66
10351,65
10352,66
10353,65
10354,66
10355,65
10356,64
10357,65
10358,64
10359,63
10360,62
10361,63
10362,62
10363,63
10364,64
10365,63
10366,62
10367,63
10368,62
10369,63
10370,62
10371,61
10372,62
10373,63
10374,64
10375,65
10376,66
10377,67
10378,66
10379,65
10380,66
10381,67
10382,66
10383,67
10384,68
10385,69
10386,70
10387,71
10388,72
10389,71
10390,72
10391,71
10392,70
10393,71
10394,70
10395,71
10396,72
10397,71
10398,72
10399,71
10400,70
10401,71
10402,70
10403,69
10404,70
10405,69
10406,70
10407,69
10408,70
10409,71
10410,72
10411,71
10412,70
10413,69
10414,68
10415,69
10416,68
10417,69
10418,70
10419,69
10420,68
10421,67
10422,66
10423,65
10424,66
10425,67
10426,66
10427,65
10428,66
10429,65
10430,66
10431,67
10432,66
10433,65
10434,66
10435,65
10436,64
10437,63
10438,64
10439,65
10440,66
10441,65
10442,66
10443,67
10444,68
10445,69
10446,70
10447,71
10448,72
10449,71
10450,72
10451,73
10452,74
10453,73
10454,74
10455,73
10456,72
10457,71
10458,72
10459,73
10460,74
10461,75
10462,76
10463,77
10464,78
10465,79
10466,80
10467,81
10468,80
10469,81
10470,82
10471,83
10472,84
10473,85
10474,86
10475,87
10476,86
10477,85
10478,84
10479,85
10480,84
10481,85
10482,84
10483,85
10484,84
10485,83
10486,82
10487,83
10488,84
10489,85
10490,84
10491,83
10492,84
10493,85
10494,86
10495,85
10496,86
10497,87
10498,86
10499,87
10500,86
10501,87
10502,88
10503,89
10504,88
10505,87
10506,86
10507,87
10508,88
10509,87
10510,88
10511,87
10512,88
10513,89
10514,90
10515,91
10516,92
10517,93
10518,92
10519,91
10520,92
10521,91
10522,92
10523,93
10524,92
10525,91
10526,92
10527,93
10528,92
10529,91
10530,90
10531,91
10532,92
10533,91
10534,90
10535,89
10536,88
10537,87
10538,86
10539,85
10540,86
10541,87
10542,86
10543,85
10544,84
10545,85
10546,86
10547,87
10548,86
10549,85
10550,86
10551,87
10552,86
10553,87
10554,86
10555,85
10556,84
10557,83
10558,82
10559,83
10560,84
10561,83
10562,84
10563,85
10564,84
10565,83
10566,84
10567,85
10568,86
10569,87
10570,88
10571,89
10572,90
10573,91
10574,92
10575,91
10576,92
10577,93
10578,94
10579,93
10580,92
10581,93
10582,94
10583,95
10584,94
10585,93
10586,94
10587,95
10588,94
10589,95
10590,94
10591,95
10592,94
10593,95
10594,96
10595,97
10596,98
10597,99
10598,98
10599,97
10600,96
10601,95
10602,96
10603,95
10604,94
10605,93
10606,94
10607,95
10608,96
10609,95
10610,96
10611,95
10612,96
10613,95
10614,94
10615,95
10616,94
10617,95
10618,94
10619,93
10620,94
10621,93
10622,94
10623,95
10624,96
10625,95
10626,96
10627,95
10628,94
10629,93
10630,94
10631,93
10632,94
10633,95
10634,96
10635,95
10636,94
10637,95
10638,96
10639,95
10640,94
10641,93
10642,94
10643,93
10644,94
10645,93
10646,94
10647,95
10648,96
10649,97
10650,96
10651,97
10652,96
10653,95
10654,96
10655,97
10656,98
10657,99
10658,98
10659,99
10660,100
10661,101
10662,100
10663,101
10664,102
10665,101
10666,102
10667,103
10668,102
10669,103
10670,104
10671,103
10672,104
10673,103
10674,104
10675,103
10676,102
10677,103
10678,102
10679,101
10680,100
10681,101
10682,100
10683,101
10684,100
10685,101
10686,100
10687,99
10688,98
10689,97
10690,98
10691,97
10692,98
10693,97
10694,98
10695,97
10696,98
10697,97
10698,98
10699,99
10700,100
10701,101
10702,100
10703,101
10704,102
10705,103
10706,104
10707,105
10708,104
10709,103
10710,104
10711,103
10712,104
10713,105
10714,106
10715,107
10716,106
10717,107
10718,108
10719,109
10720,108
10721,109
10722,108
10723,107
10724,108
10725,109
10726,110
10727,111
10728,110
10729,111
10730,110
10731,109
10732,110
10733,109
10734,110
10735,111
10736,110
10737,109
10738,110
10739,111
10740,112
10741,111
10742,112
10743,113
10744,114
10745,113
10746,112
10747,113
10748,112
10749,113
10750,114
10751,115
10752,116
10753,115
10754,116
10755,117
10756,118
10757,119
10758,118
10759,117
10760,118
10761,117
10762,116
10763,115
10764,114
10765,115
10766,116
10767,117
10768,116
10769,115
10770,114
10771,115
10772,114
10773,115
10774,114
10775,115
10776,116
10777,115
10778,114
10779,113
10780,114
10781,113
10782,114
10783,115
10784,116
10785,117
10786,116
10787,115
10788,116
10789,117
10790,116
10791,115
10792,116
10793,117
10794,116
10795,115
10796,114
10797,115
10798,116
10799,115
10800,116
10801,115
10802,114
10803,113
10804,112
10805,113
10806,112
10807,113
10808,112
10809,111
10810,110
10811,109
10812,110
10813,111
10814,112
10815,111
10816,112
10817,113
10818,112
10819,111
10820,112
10821,113
10822,112
10823,113
10824,112
10825,113
10826,114
10827,113
10828,114
10829,115
10830,116
10831,115
10832,114
10833,113
10834,112
10835,113
10836,112
10837,111
10838,110
10839,109
10840,108
10841,109
10842,110
10843,109
10844,108
10845,107
10846,108
10847,109
10848,108
10849,109
10850,108
10851,109
10852,108
10853,107
10854,106
10855,107
10856,108
10857,109
10858,108
10859,107
10860,108
10861,109
10862,108
10863,107
10864,106
10865,107
10866,108
10867,107
10868,108
10869,107
10870,108
10871,107
10872,106
10873,107
10874,106
10875,105
10876,104
10877,105
10878,106
10879,107
10880,108
10881,107
10882,106
10883,105
10884,106
10885,107
10886,108
10887,109
10888,110
10889,109
10890,110
10891,111
10892,110
10893,111
10894,110
10895,111
10896,112
10897,111
10898,110
10899,109
10900,110
10901,109
10902,108
10903,107
10904,108
10905,107
10906,108
10907,107
10908,106
10909,105
10910,104
10911,105
10912,104
10913,103
10914,102
10915,101
10916,102
10917,103
10918,102
10919,101
10920,102
10921,103
10922,102
10923,101
10924,100
10925,101
10926,102
10927,101
10928,102
10929,101
10930,102
10931,101
10932,102
10933,103
10934,104
10935,103
10936,102
10937,101
10938,102
10939,101
10940,100
10941,101
10942,100
10943,99
10944,98
10945,97
10946,96
10947,97
10948,96
10949,97
10950,96
10951,97
10952,98
10953,97
10954,96
10955,97
10956,96
10957,95
10958,94
10959,95
10960,94
10961,95
10962,94
10963,93
10964,92
10965,93
10966,94
10967,93
10968,92
10969,93
10970,92
10971,93
10972,92
10973,93
10974,92
10975,91
10976,92
10977,93
10978,94
10979,95
10980,94
10981,93
10982,92
10983,93
10984,92
10985,91
10986,90
10987,91
10988,92
10989,93
10990,94
10991,95
10992,96
10993,95
10994,94
10995,93
10996,92
10997,91
10998,90
10999,89
11000,88
11001,89
11002,90
11003,89
11004,90
11005,89
11006,88
11007,87
11008,86
11009,85
11010,84
11011,85
11012,86
11013,87
11014,88
11015,87
11016,86
11017,87
11018,88
11019,87
11020,86
11021,87
11022,86
11023,87
11024,88
11025,89
11026,90
11027,89
11028,90
11029,91
11030,92
11031,91
11032,92
11033,93
11034,94
11035,93
11036,94
11037,93
11038,92
11039,93
11040,94
11041,95
11042,96
11043,95
11044,94
11045,93
11046,94
11047,93
11048,92
11049,93
11050,94
11051,95
11052,94
11053,95
11054,94
11055,95
11056,94
11057,95
11058,94
11059,95
11060,94
11061,93
11062,92
11063,93
11064,92
11065,93
11066,94
11067,95
11068,96
11069,95
11070,96
11071,95
11072,94
11073,95
11074,96
11075,95
11076,94
11077,95
11078,96
11079,95
11080,96
11081,95
11082,94
11083,95
11084,94
11085,95
11086,94
11087,95
11088,94
11089,95
11090,94
11091,93
11092,92
11093,91
11094,90
11095,91
11096,90
11097,91
11098,92
11099,91
11100,90
11101,91
11102,92
11103,91
11104,92
11105,91
11106,90
11107,89
11108,88
11109,89
11110,90
11111,91
11112,90
11113,91
11114,92
11115,91
11116,90
11117,91
11118,92
11119,91
11120,90
11121,89
11122,90
11123,89
11124,90
11125,89
11126,88
11127,89
11128,90
11129,91
11130,90
11131,91
11132,92
11133,93
11134,94
11135,95
11136,96
11137,97
11138,96
11139,95
11140,94
11141,95
11142,96
11143,97
11144,96
11145,97
11146,98
11147,97
11148,96
11149,97
11150,98
11151,99
11152,100
11153,101
11154,100
11155,101
11156,100
11157,101
11158,100
11159,99
11160,98
11161,97
11162,96
11163,95
11164,96
11165,97
11166,98
11167,99
11168,100
11169,99
11170,98
11171,99
11172,100
11173,101
11174,102
11175,103
11176,104
11177,103
11178,104
11179,103
11180,104
11181,105
11182,104
11183,105
11184,104
11185,103
11186,102
11187,101
11188,100
11189,101
11190,102
11191,101
11192,100
11193,99
11194,100
11195,101
11196,100
11197,101
11198,102
11199,103
11200,104
11201,103
11202,102
11203,103
11204,102
11205,103
11206,102
11207,103
11208,102
11209,101
11210,100
11211,99
11212,98
11213,97
11214,98
11215,97
11216,96
11217,97
11218,96
11219,97
11220,96
11221,97
11222,98
11223,97
11224,96
11225,95
11226,94
11227,95
11228,96
11229,97
11230,96
11231,97
11232,96
11233,95
11234,94
11235,95
11236,94
11237,95
11238,94
11239,93
11240,92
11241,91
11242,90
11243,89
11244,88
11245,87
11246,88
11247,87
11248,88
11249,89
11250,88
11251,89
11252,88
11253,87
11254,88
11255,89
11256,88
11257,89
11258,90
11259,91
11260,92
11261,91
11262,90
11263,91
11264,92
11265,93
11266,92
11267,93
11268,92
11269,93
11270,92
11271,93
11272,92
11273,93
11274,94
11275,93
11276,92
11277,91
11278,92
11279,91
11280,90
11281,91
11282,92
11283,91
11284,90
11285,91
11286,92
11287,93
11288,92
11289,91
11290,92
11291,91
11292,92
11293,93
11294,92
11295,93
11296,94
11297,95
11298,94
11299,93
11300,92
11301,91
11302,90
11303,89
11304,88
11305,89
11306,88
11307,89
11308,90
11309,89
11310,88
11311,87
11312,86
11313,85
11314,86
11315,85
11316,84
11317,83
11318,84
11319,85
11320,84
11321,83
11322,84
11323,85
11324,86
11325,85
11326,84
11327,83
11328,84
11329,85
11330,84
11331,85
11332,86
11333,85
11334,84
11335,83
11336,82
11337,81
11338,82
11339,83
11340,84
11341,83
11342,82
11343,83
11344,82
11345,83
11346,82
11347,81
11348,82
11349,81
11350,82
11351,83
11352,84
11353,85
11354,86
11355,87
11356,86
11357,85
11358,84
11359,85
11360,84
11361,83
11362,82
11363,81
11364,82
11365,83
11366,84
11367,85
11368,86
11369,87
11370,88
11371,89
11372,90
11373,91
11374,92
11375,93
11376,94
11377,95
11378,96
11379,95
11380,94
11381,95
11382,94
11383,95
11384,96
11385,97
11386,96
11387,95
11388,94
11389,95
11390,96
11391,95
11392,94
11393,95
11394,96
11395,97
11396,98
11397,97
11398,98
11399,99
11400,100
11401,99
11402,98
11403,99
11404,98
11405,99
11406,100
11407,99
11408,100
11409,101
11410,100
11411,101
11412,100
11413,99
11414,98
11415,99
11416,98
11417,99
11418,98
11419,99
11420,100
11421,101
11422,102
11423,103
11424,102
11425,101
11426,100
11427,99
11428,100
11429,99
11430,98
11431,97
11432,98
11433,99
11434,100
11435,99
11436,100
11437,99
11438,100
11439,99
11440,100
11441,99
11442,98
11443,97
11444,98
11445,99
11446,100
11447,101
11448,102
11449,103
11450,102
11451,103
11452,102
11453,101
11454,100
11455,99
11456,98
11457,99
11458,100
11459,99
11460,100
11461,99
11462,100
11463,99
